postcode_district,num_sales,total_floor_area,total_price,price_per_sqm,adj_price_per_sqm
W1S,138,14202.0,376564545.0,26515,35462
WC2A,229,19175.0,464178992.0,24208,30681
WC2R,376,36249.0,735313878.0,20285,27501
W1B,313,43487.0,799600828.0,18387,23818
W1K,1106,164383.0,2774869039.0,16881,22958
W1J,695,83753.0,1354628746.0,16174,22142
EC3R,241,19098.0,315064851.0,16497,21842
WC2E,234,20642.0,300728538.0,14569,20769
W1T,1069,83457.0,1224462408.0,14672,20177
SW1W,2861,377129.0,5331569420.0,14137,19740
SW1Y,199,16260.0,207137757.0,12739,19295
N1C,736,60863.0,887626973.0,14584,19035
SW1A,194,24656.0,324738447.0,13171,18815
W1F,276,23877.0,321927175.0,13483,18771
SW1X,2748,416898.0,5255948733.0,12607,18221
W8,6923,931479.0,11843361470.0,12715,18205
SW3,8501,973844.0,12167277060.0,12494,17967
W1D,156,10521.0,126008943.0,11977,17199
W1G,904,102166.0,1224537181.0,11986,16750
W11,6695,738223.0,8714947522.0,11805,16719
SW1H,452,42947.0,528015704.0,12295,16566
SW1E,458,45342.0,529739616.0,11683,16474
SW7,6645,757459.0,8374102949.0,11056,16277
WC2B,402,28057.0,310170042.0,11055,15978
W1U,1640,158143.0,1809922047.0,11445,15940
WC2N,222,20456.0,220156535.0,10762,15765
EC4A,347,18380.0,196073277.0,10668,15569
W1W,976,65659.0,705976165.0,10752,15327
EC1A,800,50147.0,551919432.0,11006,15168
WC2H,492,33812.0,337146529.0,9971,14719
SW10,6326,653790.0,6591674078.0,10082,14549
EC2A,789,62250.0,657751371.0,10566,14163
EC2Y,782,51920.0,515290443.0,9925,13761
SW1P,4121,343570.0,3248640013.0,9456,13637
W1H,2198,200810.0,1880241350.0,9363,13407
EC3A,12,583.0,5389950.0,9245,13150
WC1A,135,8996.0,82091300.0,9125,13134
NW8,7898,859537.0,7680062497.0,8935,12774
W2,15669,1334706.0,11738031966.0,8794,12752
WC1R,201,13477.0,116026128.0,8609,12666
SW5,4948,425054.0,3491293016.0,8214,12337
WC1V,116,8544.0,63879400.0,7477,12242
EC4M,59,3321.0,25929101.0,7808,12041
NW3,13777,1539588.0,12974671813.0,8427,11999
EC3N,274,16762.0,142380478.0,8494,11921
WC1E,323,23503.0,188713143.0,8029,11816
WC1B,221,20468.0,164450455.0,8035,11810
EC4V,346,21704.0,167825344.0,7732,11766
EC1V,3771,282033.0,2379997146.0,8439,11754
WC1N,749,58329.0,480491197.0,8238,11715
EC2M,38,2921.0,23411999.0,8015,11708
EC4Y,116,7818.0,57846589.0,7399,11558
W14,10381,957776.0,7613218033.0,7949,11466
EC1M,635,47956.0,361039336.0,7529,11337
EC1N,420,30653.0,237448986.0,7746,11216
WC1H,1329,56966.0,436826766.0,7668,11212
EC4R,59,4029.0,27834693.0,6909,11147
NW1,10797,934615.0,7055814731.0,7549,10928
SW1V,5177,402049.0,2977752953.0,7406,10922
EC1R,1132,88110.0,664779703.0,7545,10905
WC1X,969,71859.0,543199333.0,7559,10793
EC1Y,898,64726.0,481072143.0,7432,10746
SE1,20658,1521396.0,11250363399.0,7395,10572
W9,9956,790173.0,5291670181.0,6697,9835
SW6,22241,2500874.0,17102278153.0,6839,9757
SW8,9846,767985.0,5388241007.0,7016,9707
N1,21047,1723346.0,11791205991.0,6842,9653
N6,6104,709957.0,4827551072.0,6800,9591
W6,9758,930075.0,6266213036.0,6737,9487
SW13,5897,803267.0,5298597613.0,6596,9361
W10,5104,447167.0,2923583832.0,6538,9271
TW10,7125,792656.0,5112404768.0,6450,9129
NW5,5344,476895.0,3124860441.0,6553,9111
N5,7110,636345.0,3991025378.0,6272,8832
E1W,6418,496403.0,3060380009.0,6165,8831
NW6,16487,1491271.0,9125732756.0,6119,8709
SW11,28370,2758264.0,16848153853.0,6108,8653
W4,15559,1631268.0,9889118882.0,6062,8625
E20,884,80008.0,535279583.0,6690,8595
TW9,8748,863859.0,5103613958.0,5908,8450
SW14,6461,752559.0,4398475124.0,5845,8262
W12,9317,837924.0,4881727789.0,5826,8182
E1,14596,992572.0,5527255224.0,5569,8038
SE11,3925,309390.0,1746284969.0,5644,7904
N2,6554,730314.0,4120991318.0,5643,7902
SE10,14321,1149720.0,6530817978.0,5680,7835
E14,34480,2432496.0,13082808057.0,5378,7817
E8,8107,646107.0,3629109517.0,5617,7770
NW11,7116,919644.0,5025350034.0,5464,7763
SW4,12766,1238585.0,6697125506.0,5407,7745
SW18,30988,2936922.0,15938660925.0,5427,7699
TW1,11613,1142965.0,6127313706.0,5361,7674
N7,9374,699869.0,3794629659.0,5422,7663
SW15,21068,2050127.0,10863883845.0,5299,7638
SE17,5500,390026.0,2145730408.0,5502,7528
SW19,30652,3011153.0,15817176824.0,5253,7490
SW12,13518,1362642.0,7167626514.0,5260,7469
E2,9648,666922.0,3414546721.0,5120,7320
N10,7183,766915.0,3997920432.0,5213,7296
SE21,4160,483245.0,2542246459.0,5261,7282
N4,12144,983701.0,5178553895.0,5264,7250
TW11,10429,1028995.0,5232673775.0,5085,7226
N19,6654,566902.0,2869955195.0,5063,7157
W5,15448,1470624.0,7344628253.0,4994,7127
SW9,9041,691701.0,3527638181.0,5100,7122
N8,10641,975042.0,4913907316.0,5040,7071
TW8,6865,531126.0,2606812488.0,4908,7025
SW20,11272,1153383.0,5621341810.0,4874,6863
KT2,11774,1219225.0,5811118073.0,4766,6830
SE24,5168,558489.0,2746458022.0,4918,6787
SE22,10721,1016986.0,4921146350.0,4839,6708
N16,11332,991351.0,4724233069.0,4765,6697
W13,9593,910435.0,4325510029.0,4751,6686
SE16,15184,1064460.0,4821951142.0,4530,6644
E9,6880,531365.0,2535424507.0,4772,6642
W3,13627,1178095.0,5520060144.0,4686,6611
KT10,6475,1028948.0,4797976107.0,4663,6608
E3,14830,1054482.0,4891952247.0,4639,6584
SE8,7566,507243.0,2338365869.0,4610,6523
SE3,11784,1079484.0,4983336010.0,4616,6515
SW17,23868,2086454.0,9514065579.0,4560,6480
N20,5729,672678.0,3132884850.0,4657,6447
CB2,5187,593963.0,2743732049.0,4619,6353
GU5,2321,343717.0,1541761043.0,4486,6353
TW12,7850,729322.0,3274548623.0,4490,6340
NW7,8704,984996.0,4477997982.0,4546,6334
KT7,4251,480547.0,2148307244.0,4471,6326
N3,6531,714869.0,3190950361.0,4464,6302
SE5,9896,813196.0,3679011560.0,4524,6288
AL5,12079,1530318.0,6888100404.0,4501,6286
KT1,7504,627367.0,2728642227.0,4349,6281
KT24,2149,359295.0,1611528720.0,4485,6250
TQ8,1229,159576.0,729037746.0,4569,6249
WD7,3729,600294.0,2694627069.0,4489,6248
OX2,12009,1369898.0,6032286224.0,4403,6235
SW2,15108,1263810.0,5599644910.0,4431,6234
TW2,10953,985697.0,4320205323.0,4383,6204
RG9,7582,970708.0,4268295266.0,4397,6204
CB3,2707,319400.0,1471968739.0,4609,6199
E5,8058,678782.0,3036303323.0,4473,6175
HP9,5570,999304.0,4369746937.0,4373,6127
KT6,13616,1133636.0,4843763469.0,4273,6106
GU25,2386,500907.0,2095052594.0,4183,6102
SE15,13521,1117292.0,4920106088.0,4404,6087
NW2,13255,1250814.0,5245107585.0,4193,6084
EN4,7186,763871.0,3268032885.0,4278,6065
AL1,15769,1446801.0,6223430122.0,4302,6053
KT13,11053,1460172.0,6103967093.0,4180,6042
KT23,2124,252059.0,1096436925.0,4350,6041
E16,15716,1122315.0,4771967119.0,4252,6030
KT11,5680,1070006.0,4497054895.0,4203,6013
SL9,5076,858853.0,3655616623.0,4256,5985
RH3,736,102826.0,441310602.0,4292,5982
GU23,1536,193332.0,838599060.0,4338,5974
N12,7566,707291.0,2946146321.0,4165,5953
AL3,8838,917913.0,3878709779.0,4226,5943
WD3,10332,1219406.0,5082231210.0,4168,5889
SL7,7082,804245.0,3344524448.0,4159,5872
HA7,8873,956949.0,3901779862.0,4077,5858
GU8,3767,520931.0,2163476278.0,4153,5853
NW10,15497,1384191.0,5694870117.0,4114,5844
KT8,7944,810899.0,3337259512.0,4116,5821
HA5,13013,1366533.0,5622544170.0,4114,5811
GU24,3361,414055.0,1721827758.0,4158,5810
HP7,3512,386611.0,1581020079.0,4089,5795
NW9,15844,1209676.0,4995160361.0,4129,5792
HP6,4899,575935.0,2377270274.0,4128,5789
EN5,11535,1102810.0,4504621720.0,4085,5785
AL4,8068,778635.0,3224308194.0,4141,5774
KT22,8056,1016751.0,4147850003.0,4080,5761
HP4,9643,1089675.0,4428062118.0,4064,5746
HP8,2070,353900.0,1434384228.0,4053,5745
KT5,7123,628254.0,2544200047.0,4050,5736
SE14,6574,476003.0,1955957067.0,4109,5728
HA6,6655,865180.0,3466131590.0,4006,5721
TN13,8358,1089819.0,4472576721.0,4104,5720
RG10,3684,444592.0,1810564912.0,4072,5716
UB9,3103,317026.0,1287446458.0,4061,5696
AL9,2330,280045.0,1145668513.0,4091,5689
N21,6979,753282.0,3015033399.0,4003,5673
UB10,9009,817647.0,3308748846.0,4047,5664
GU4,5927,577597.0,2279693730.0,3947,5662
SL5,9382,1435841.0,5751279325.0,4006,5652
W7,7621,648415.0,2558375524.0,3946,5642
N14,7111,703523.0,2787440824.0,3962,5624
SE13,13849,1103424.0,4387300282.0,3976,5616
RH5,3263,424932.0,1695953240.0,3991,5610
HA4,16972,1478799.0,5899942783.0,3990,5602
KT12,13945,1430992.0,5649528365.0,3948,5600
TW7,11112,929676.0,3623890417.0,3898,5588
NW4,7368,746298.0,2872049604.0,3848,5588
HP10,4308,495584.0,1979968374.0,3995,5586
SO42,1510,233650.0,929958446.0,3980,5578
IG9,4942,489402.0,1928713126.0,3941,5574
KT3,11443,1136915.0,4484276609.0,3944,5564
GU10,5434,821773.0,3293878644.0,4008,5559
BR7,7209,860081.0,3400768169.0,3954,5554
OX1,4621,439188.0,1665047981.0,3791,5552
CM16,6672,700650.0,2781650812.0,3970,5552
SE4,8040,702719.0,2817232443.0,4009,5546
GU1,13252,1285708.0,4956862599.0,3855,5523
SL4,14181,1470958.0,5617479659.0,3819,5503
SL8,2438,279381.0,1093232863.0,3913,5498
N22,9101,771151.0,2951057419.0,3827,5473
AL2,4859,496746.0,1945326997.0,3916,5470
CM13,5422,607476.0,2381928815.0,3921,5465
KT17,9129,934968.0,3635432428.0,3888,5464
SE27,6411,558683.0,2192126167.0,3924,5461
SE23,11841,1030843.0,4035359478.0,3915,5457
OX3,5911,547729.0,2115711739.0,3863,5442
E18,6680,613162.0,2362269357.0,3853,5441
EN6,8463,853691.0,3296228573.0,3861,5437
CM4,2802,372706.0,1472743647.0,3951,5435
KT21,4541,563448.0,2184274663.0,3877,5428
WD23,8576,847566.0,3292655182.0,3885,5424
BH13,5357,842366.0,3172275062.0,3766,5413
HP16,2798,399427.0,1528739803.0,3827,5410
RH8,4945,628485.0,2418888340.0,3849,5403
GU20,1632,216255.0,812199895.0,3756,5402
KT4,10217,921576.0,3533015325.0,3834,5394
GU3,2583,320864.0,1236774354.0,3855,5390
TN14,3869,458124.0,1758312693.0,3838,5387
GU7,9714,933086.0,3603919436.0,3862,5384
SM3,4833,410434.0,1561522962.0,3805,5363
N11,7832,677632.0,2508372188.0,3702,5356
KT18,6326,658565.0,2505745073.0,3805,5356
EN7,3927,399110.0,1556338321.0,3900,5335
RG29,1178,154087.0,584754154.0,3795,5333
HP15,3350,361448.0,1378075160.0,3813,5329
WD4,3662,412075.0,1558669915.0,3782,5315
SE19,10778,841275.0,3184033995.0,3785,5309
BR3,19877,1924411.0,7232356783.0,3758,5308
EN2,11296,956742.0,3532183003.0,3692,5285
RH2,9777,1074566.0,4051257755.0,3770,5284
E11,14936,1317089.0,4967406115.0,3772,5281
CM15,5297,564758.0,2144009134.0,3796,5273
RG8,3848,569845.0,2144297310.0,3763,5268
E17,31716,2453028.0,9322475243.0,3800,5260
IG10,11926,1156514.0,4328339935.0,3743,5252
AL8,4049,386686.0,1447800954.0,3744,5234
SG14,7833,683624.0,2549554729.0,3729,5223
IG8,11519,1191320.0,4396540115.0,3690,5223
KT14,4216,451941.0,1676508384.0,3710,5221
RH4,5536,541250.0,1994483641.0,3685,5219
HA1,10846,910802.0,3293222362.0,3616,5216
SL6,26558,2821717.0,10395487090.0,3684,5210
TW17,5003,472491.0,1745483484.0,3694,5196
GU6,5772,648704.0,2458990327.0,3791,5189
BS1,5264,363771.0,1322983379.0,3637,5188
KT19,11812,1098649.0,4034576900.0,3672,5188
BR4,5233,585026.0,2197055933.0,3755,5183
RG4,7795,844969.0,3093418460.0,3661,5161
TW20,7246,673681.0,2408046452.0,3574,5156
SM7,6467,741031.0,2715301399.0,3664,5153
SW16,24671,2191521.0,7952228053.0,3629,5143
SE26,9781,827876.0,3042473618.0,3675,5141
SO23,8043,802403.0,2887260076.0,3598,5135
GU22,13520,1427147.0,5127631412.0,3593,5133
E15,12795,960695.0,3454457360.0,3596,5130
HP23,6474,666414.0,2454537094.0,3683,5128
KT16,6684,616065.0,2266667857.0,3679,5128
TN11,2563,354547.0,1300175229.0,3667,5127
BR2,17364,1757122.0,6398178286.0,3641,5124
KT20,6464,920724.0,3341988488.0,3630,5121
BR6,15494,1685995.0,6181052654.0,3666,5116
HP17,2329,281501.0,1054211030.0,3745,5104
TW16,7588,701589.0,2530135447.0,3606,5093
CB1,17747,1508488.0,5371004341.0,3561,5085
GU27,6379,774987.0,2780277251.0,3588,5083
M2,69,4960.0,18058800.0,3641,5082
WD17,6647,618655.0,2214752592.0,3580,5081
AL6,3604,524412.0,1901479802.0,3626,5075
WD6,11562,999458.0,3570338776.0,3572,5069
RM14,7898,834971.0,3095118302.0,3707,5067
IP18,1673,186103.0,682882822.0,3669,5064
B4,563,32511.0,134505423.0,4137,5061
HA8,14012,1286755.0,4477912711.0,3480,5057
N13,7874,696075.0,2449085957.0,3518,5056
SM4,9799,781920.0,2791359722.0,3570,5056
SO22,10097,1145170.0,4182101753.0,3652,5054
SG13,7092,643424.0,2297611569.0,3571,5052
GU28,1280,161289.0,576712443.0,3576,5031
HP27,4247,470783.0,1699112932.0,3609,5027
RG25,1477,180598.0,660674390.0,3658,5023
OX33,1177,134885.0,485266598.0,3598,5019
CB5,3690,327219.0,1187313882.0,3628,5018
PO18,3019,397842.0,1446110557.0,3635,5017
CB22,4095,475994.0,1725565033.0,3625,5016
GU21,17325,1517362.0,5275429608.0,3477,5013
TN15,4794,680496.0,2429681398.0,3570,5007
RM4,831,111671.0,397648042.0,3561,5001
RG42,7940,773276.0,2754216385.0,3562,5000
CM14,8564,719782.0,2561755463.0,3559,4999
B93,4023,493526.0,1775334041.0,3597,4997
SG11,1476,186393.0,672884341.0,3610,4994
HA2,12961,1102019.0,3795926903.0,3445,4992
HP14,3434,399054.0,1416455480.0,3550,4986
TR21,225,20343.0,72200446.0,3549,4985
HP22,6627,758435.0,2782219970.0,3668,4982
SO41,11224,1234352.0,4364148681.0,3536,4981
TN3,2349,364509.0,1302280716.0,3573,4980
RG5,4683,435113.0,1552162914.0,3567,4975
SM2,11218,958639.0,3278724429.0,3420,4971
BN7,6490,628405.0,2230660861.0,3550,4960
KT9,7279,574665.0,2001859204.0,3484,4959
RH17,4752,660256.0,2365720200.0,3583,4956
SE20,8250,598606.0,2103567631.0,3514,4941
GU52,4577,477601.0,1688793933.0,3536,4924
GU2,10785,992212.0,3379707496.0,3406,4922
SG10,486,78884.0,272791439.0,3458,4914
WD5,4113,357185.0,1221842447.0,3421,4914
UB6,9040,722088.0,2419374602.0,3351,4913
CR6,3663,427649.0,1500781823.0,3509,4912
BN6,5447,620171.0,2218130476.0,3577,4899
SO21,3840,526164.0,1842386075.0,3502,4894
GU16,4215,419221.0,1468406703.0,3503,4891
OX20,1815,196107.0,700618973.0,3573,4889
SE7,5017,437304.0,1522851657.0,3482,4889
OX49,1317,146986.0,510982687.0,3476,4889
HA9,9003,780311.0,2596379960.0,3327,4885
IG7,6553,790711.0,2732370935.0,3456,4881
WD25,8259,698758.0,2394073821.0,3426,4873
RG40,10765,1168202.0,4090289409.0,3501,4868
CR5,9758,1082543.0,3777487423.0,3489,4857
BR1,19142,1843621.0,6283865689.0,3408,4857
KT15,9431,825197.0,2826411345.0,3425,4856
SO24,3038,362536.0,1250969594.0,3451,4856
EX3,1473,171351.0,605910501.0,3536,4849
RG6,7206,652280.0,2217549063.0,3400,4847
TN16,4487,487796.0,1676892701.0,3438,4845
TN2,10579,1097468.0,3813517952.0,3475,4843
SM1,14647,1114293.0,3784512145.0,3396,4842
E10,11036,862141.0,2995348491.0,3474,4839
TN7,441,69922.0,238112370.0,3405,4829
HA3,12638,1140168.0,3770881689.0,3307,4822
SM5,12508,1046345.0,3568463676.0,3410,4822
OX44,1166,145538.0,503846756.0,3462,4818
WD19,8732,755480.0,2590069213.0,3428,4811
SL0,3368,379217.0,1291793968.0,3406,4809
E4,18142,1630956.0,5571994371.0,3416,4806
TW18,10476,908837.0,3047143121.0,3353,4806
UB8,10699,815189.0,2693554250.0,3304,4803
SG12,9880,846582.0,2873844742.0,3395,4783
RG7,7281,877158.0,3021339021.0,3444,4771
SG4,9156,843314.0,2898478141.0,3437,4757
BN45,154,20974.0,69889363.0,3332,4754
RG31,5339,482312.0,1629661544.0,3379,4749
RG27,7389,852120.0,2891567357.0,3393,4748
OX9,6149,572536.0,1940137159.0,3389,4739
GL55,1747,225373.0,769378808.0,3414,4735
GU9,12020,1243041.0,4172398426.0,3357,4735
SE12,8338,717570.0,2394359367.0,3337,4732
RH7,2242,260443.0,875467898.0,3361,4731
RM2,4652,460374.0,1562097018.0,3393,4729
SG3,2400,234011.0,783493744.0,3348,4725
CM5,2972,327869.0,1112535356.0,3393,4725
GU31,3560,403932.0,1361953669.0,3372,4723
RG41,9827,1020034.0,3425843670.0,3359,4720
DA4,1978,191477.0,643532490.0,3361,4717
PL28,1754,190645.0,651850585.0,3419,4717
BA1,13104,1369193.0,4596088614.0,3357,4717
DA15,10044,863263.0,2914372230.0,3376,4710
OX10,6549,679122.0,2308551888.0,3399,4708
N15,7390,624300.0,2043532155.0,3273,4700
BS8,9232,933713.0,3032059597.0,3247,4698
BN3,35105,3193211.0,10579838831.0,3313,4698
GU29,3295,355140.0,1190486876.0,3352,4692
RH9,1542,160205.0,527011229.0,3290,4689
GU26,2787,358721.0,1196058238.0,3334,4689
OX39,2740,285003.0,975884744.0,3424,4687
HP5,8566,810395.0,2691973498.0,3322,4687
TN8,4042,434639.0,1453159940.0,3343,4686
DA5,6617,665685.0,2255666549.0,3388,4686
GU18,2907,291392.0,949633338.0,3259,4685
UB7,8239,605926.0,1953816707.0,3225,4677
SO43,1376,155508.0,509257978.0,3275,4669
RH16,15002,1401920.0,4692194542.0,3347,4668
TW3,7344,575985.0,1813274538.0,3148,4665
B2,271,13743.0,42093424.0,3063,4654
TW15,9980,848232.0,2783940368.0,3282,4649
CB4,11892,1025907.0,3342279589.0,3258,4645
RH13,11145,1142630.0,3750666231.0,3282,4642
IP15,1577,182914.0,599403055.0,3277,4638
CR3,12155,1202165.0,3906620217.0,3250,4634
LA22,1434,144912.0,473370198.0,3267,4630
EN1,15111,1197031.0,3802008479.0,3176,4626
RH12,19341,1799502.0,5912026460.0,3285,4626
BN12,5519,509208.0,1695460324.0,3330,4626
RH18,1360,175028.0,560657833.0,3203,4625
BR5,12680,1088427.0,3573391565.0,3283,4624
CM12,8155,816212.0,2681296087.0,3285,4623
SO20,1565,231597.0,764509211.0,3301,4622
SL3,11997,1037180.0,3285057118.0,3167,4620
CR2,17498,1610598.0,5242907894.0,3255,4616
SM6,12718,1066224.0,3480601556.0,3264,4613
CR8,11410,1317612.0,4300768648.0,3264,4613
HA0,9350,734692.0,2276213594.0,3098,4610
RG45,5855,655249.0,2174943051.0,3319,4608
EN8,9167,677538.0,2192324768.0,3236,4601
BN41,3634,290684.0,947911379.0,3261,4596
BN8,3116,391876.0,1296502519.0,3308,4595
GU32,3660,353554.0,1148101833.0,3247,4593
BN1,31361,2795373.0,8966739738.0,3208,4585
HP3,11122,1074097.0,3475570750.0,3236,4584
SG5,10173,950226.0,3162013917.0,3328,4580
SG9,3712,407068.0,1364058094.0,3351,4580
GU51,10822,1122811.0,3589172083.0,3197,4579
RG20,3195,474649.0,1539184335.0,3243,4575
ME19,6776,771817.0,2547622054.0,3301,4575
TN4,12371,1229412.0,3979900053.0,3237,4569
BN5,2610,315597.0,1026144521.0,3251,4564
GU19,2883,249759.0,787841960.0,3154,4563
SE18,19308,1513203.0,4848512743.0,3204,4562
RM11,10365,1125884.0,3679963216.0,3269,4554
EN10,6397,612958.0,1976332760.0,3224,4550
RH1,17245,1578349.0,5024021094.0,3183,4544
TW19,3948,339433.0,1083827004.0,3193,4542
TN1,6661,563294.0,1770492512.0,3143,4542
GU30,3557,432028.0,1399748836.0,3240,4537
TN9,7807,675658.0,2178142262.0,3224,4535
BN44,2881,285476.0,914219195.0,3202,4533
OX29,4835,571096.0,1913122075.0,3350,4522
RH6,12066,1121855.0,3657551074.0,3260,4521
SE6,14091,1184807.0,3769214974.0,3181,4513
SE9,17239,1559480.0,5045457943.0,3235,4513
WA15,8746,1040120.0,3328897453.0,3200,4512
DA13,2591,305332.0,989124306.0,3240,4507
PL29,423,42362.0,135303526.0,3194,4504
BN42,1684,155280.0,500333076.0,3222,4499
GU47,5767,543559.0,1708081829.0,3142,4499
TW13,9604,678043.0,2084711488.0,3075,4498
TN12,6214,709941.0,2303064240.0,3244,4495
MK17,4851,595609.0,2010057218.0,3375,4486
DA6,3588,319991.0,1035508555.0,3236,4486
DA14,7829,646313.0,2064653438.0,3195,4485
TN10,3957,412680.0,1342057340.0,3252,4484
IG6,8480,746078.0,2322781597.0,3113,4482
GU34,10683,1126911.0,3615560690.0,3208,4482
TN20,949,142681.0,456809512.0,3202,4482
RH19,12540,1237921.0,3947289894.0,3189,4472
TN5,2295,302035.0,960215641.0,3179,4472
BS9,9825,1156823.0,3732589317.0,3227,4468
RH20,7431,994309.0,3135282675.0,3153,4467
RH14,5500,631002.0,2013306164.0,3191,4467
RM12,10825,935554.0,3021848667.0,3230,4466
HP1,8880,775260.0,2459150850.0,3172,4461
WD24,8935,658204.0,2013561934.0,3059,4455
OX13,2600,360551.0,1168599531.0,3241,4453
CM23,17909,1738925.0,5490382192.0,3157,4452
HP18,5786,645064.0,2134591809.0,3309,4442
SO53,5895,581497.0,1830681804.0,3148,4440
DA7,10924,946811.0,3033283929.0,3204,4439
GL54,5535,678016.0,2156999008.0,3181,4439
PO20,9476,1039554.0,3327949834.0,3201,4433
TR26,4518,434190.0,1374841936.0,3166,4426
GL53,6997,776522.0,2491772532.0,3209,4422
AL7,11407,890534.0,2779878685.0,3122,4421
CR0,43085,3419516.0,10490288051.0,3068,4420
RM1,7993,657597.0,2059766508.0,3132,4417
OX5,6645,611323.0,1901896175.0,3111,4416
IG5,3957,400591.0,1223508701.0,3054,4413
UB4,10117,745125.0,2201901738.0,2955,4411
SL2,12344,1133496.0,3438116993.0,3033,4406
CM21,4548,429667.0,1364375748.0,3175,4401
SO32,5657,716591.0,2289480044.0,3195,4401
HP11,5874,502588.0,1566621268.0,3117,4397
GU17,2163,223964.0,711022039.0,3175,4394
WD18,9322,697472.0,2058582654.0,2951,4386
YO1,2579,188828.0,573831178.0,3039,4382
BN16,8484,855068.0,2684185816.0,3139,4381
BS6,10798,1158048.0,3560846938.0,3075,4379
CR4,14667,1099340.0,3318698548.0,3019,4377
BS41,1202,144685.0,452654573.0,3129,4373
CM3,11204,1282937.0,4081365452.0,3181,4372
TR2,2454,269116.0,841334635.0,3126,4370
UB5,11025,801893.0,2343436014.0,2922,4361
GU33,2668,307737.0,951393195.0,3092,4356
DA3,3741,440628.0,1385995842.0,3146,4356
OX4,15999,1346871.0,3994068560.0,2965,4354
OX7,6810,766663.0,2387161555.0,3114,4352
UB3,10668,794806.0,2334386436.0,2937,4341
DA16,10465,903045.0,2800326080.0,3101,4328
SO51,10247,1067702.0,3339530531.0,3128,4327
B94,1525,261735.0,813413745.0,3108,4325
CB10,3825,430734.0,1349861287.0,3134,4324
SO52,1245,113511.0,350639202.0,3089,4323
CM11,6195,721046.0,2231173794.0,3094,4319
GL56,3345,360098.0,1127684268.0,3132,4315
TQ6,3766,421735.0,1286359838.0,3050,4314
BN43,8677,804550.0,2478829226.0,3081,4311
PO19,13187,1221393.0,3743076685.0,3065,4310
BH14,12236,1431144.0,4321689863.0,3020,4310
M3,9584,606965.0,1813171860.0,2987,4309
NR23,866,91827.0,289024589.0,3147,4309
ME18,1256,151620.0,466942189.0,3080,4305
N17,10614,827420.0,2466990270.0,2982,4304
WR12,2007,232618.0,717998526.0,3087,4302
RG17,4498,459755.0,1389640974.0,3023,4296
IG4,1698,184387.0,546496413.0,2964,4290
BN2,30566,2629694.0,7809269130.0,2970,4289
BH23,20519,1978282.0,6015981631.0,3041,4289
MK11,2566,238889.0,768793219.0,3218,4287
EN9,7805,685139.0,2054371017.0,2998,4285
TW14,6869,505561.0,1470838637.0,2909,4283
TW5,4683,423230.0,1230795924.0,2908,4283
CB21,2319,286099.0,877369881.0,3067,4275
TW4,3843,305203.0,871542460.0,2856,4273
BA2,21049,2186297.0,6648132928.0,3041,4270
PO10,6639,677575.0,2076836616.0,3065,4269
BS48,4362,464263.0,1447164395.0,3117,4269
SN8,5136,632535.0,1911255637.0,3022,4268
TN17,3012,398800.0,1199771293.0,3008,4257
CM22,3368,465936.0,1430524902.0,3070,4252
SO31,10467,1078342.0,3289197097.0,3050,4250
BS31,5046,502317.0,1573729431.0,3133,4248
GU46,5684,547591.0,1637088861.0,2990,4247
BS32,4992,410820.0,1220471129.0,2971,4244
ME17,6110,688397.0,2147078515.0,3119,4241
LS1,2319,146905.0,387592070.0,2638,4241
RG2,12906,1164077.0,3582199551.0,3077,4240
MK45,9644,1028629.0,3169563333.0,3081,4237
IG2,6011,537485.0,1536943671.0,2860,4236
DA10,3828,319773.0,1019015496.0,3187,4233
BN18,4087,452479.0,1388960480.0,3070,4224
GU15,12859,1453892.0,4251589591.0,2924,4224
BH24,7649,895719.0,2656042233.0,2965,4222
CB11,6057,666564.0,2017725527.0,3027,4221
B1,5101,321770.0,923849140.0,2871,4217
OX14,15466,1393003.0,4136381327.0,2969,4211
BH19,4746,461375.0,1374026937.0,2978,4204
RH10,19511,1752009.0,5232501454.0,2987,4204
PL23,1658,182513.0,543793180.0,2979,4203
SE25,12579,933403.0,2726265778.0,2921,4202
CB24,6961,731346.0,2243728560.0,3068,4202
CM24,3146,326412.0,979849101.0,3002,4201
RH15,14460,1288163.0,3847598043.0,2987,4200
TN30,3395,384609.0,1157608151.0,3010,4192
SL1,22354,1624065.0,4565258441.0,2811,4190
EN11,7909,665112.0,1967517804.0,2958,4188
DA2,7465,677601.0,2005594500.0,2960,4185
BR8,6038,524140.0,1586055809.0,3026,4182
CM1,22161,1932895.0,5777086997.0,2989,4179
OX25,2366,291819.0,884973979.0,3033,4178
TN22,8931,959045.0,2854180401.0,2976,4178
PL8,1194,148170.0,444193692.0,2998,4178
CM6,8269,971938.0,2952240927.0,3037,4174
TN27,2689,358585.0,1076546528.0,3002,4173
SG8,11210,1137395.0,3399806230.0,2989,4171
UB2,5259,441056.0,1264900505.0,2868,4171
SG16,2104,214516.0,661021284.0,3081,4160
SP6,3880,408593.0,1203264996.0,2945,4160
CM2,22609,1920713.0,5647360538.0,2940,4159
SO30,7319,661112.0,1969754588.0,2979,4158
CV35,5672,713506.0,2131641391.0,2988,4155
SO40,7559,675368.0,1984785871.0,2939,4148
CM17,10799,927318.0,2691823797.0,2903,4148
OX15,4754,579153.0,1719311447.0,2969,4140
DA9,7702,581887.0,1672757484.0,2875,4139
GU12,10142,853017.0,2486230163.0,2915,4138
SG7,4455,364334.0,1057975264.0,2904,4130
GU35,7158,683384.0,2016010128.0,2950,4126
M1,6891,448020.0,1243480339.0,2776,4120
BH25,10965,1012489.0,2916485409.0,2881,4117
BS20,7800,770522.0,2251918781.0,2923,4113
WA14,10178,1165768.0,3386936828.0,2905,4109
B3,1679,107889.0,304222798.0,2820,4099
OX27,2125,229493.0,679239937.0,2960,4096
TN19,1226,159058.0,458150051.0,2880,4094
CV33,1975,220433.0,681552749.0,3092,4089
RG14,16700,1487587.0,4274004019.0,2873,4086
RG28,2126,208353.0,603042569.0,2894,4083
SK9,16378,1978354.0,5735243538.0,2899,4083
RM3,12213,1010305.0,2968766422.0,2938,4076
SG6,9895,864058.0,2525503976.0,2923,4075
CB25,3260,343401.0,1002012920.0,2918,4069
ME20,4937,461025.0,1353666037.0,2936,4067
DA1,20728,1576256.0,4598831492.0,2918,4066
RG19,6657,558215.0,1575429746.0,2822,4066
HP13,15656,1280145.0,3610737265.0,2821,4066
BA15,4534,465690.0,1358218362.0,2917,4064
RM7,9627,775139.0,2237648359.0,2887,4063
BH21,11830,1268184.0,3703072061.0,2920,4058
SP5,4302,590971.0,1715369233.0,2903,4054
RM5,5414,473230.0,1377158672.0,2910,4053
MK8,3365,325068.0,987415065.0,3038,4052
S32,1256,159264.0,458553651.0,2879,4049
OX11,18432,1590575.0,4598317986.0,2891,4049
GL8,3135,327557.0,957267685.0,2922,4048
RG26,6652,650531.0,1867985079.0,2871,4047
CV37,17152,1833849.0,5311104153.0,2896,4041
EX10,6897,759794.0,2178488293.0,2867,4037
RG23,3637,361557.0,1094696391.0,3028,4037
GL6,5843,717258.0,2058421077.0,2870,4035
BS35,4584,474736.0,1390830485.0,2930,4035
TN18,1752,215844.0,615571547.0,2852,4034
TR5,1208,131433.0,386371928.0,2940,4030
RG18,5863,627578.0,1757733268.0,2801,4026
RM6,8717,704095.0,1936966521.0,2751,4021
RG1,20097,1502380.0,4079045221.0,2715,4020
RG24,11195,987563.0,2856838352.0,2893,4020
TN6,9314,1063200.0,3048233990.0,2867,4013
B90,11052,1008069.0,2915602501.0,2892,4011
RG12,22309,1850142.0,5198103646.0,2810,4011
LA21,270,26494.0,76760918.0,2897,4009
MK7,2603,224166.0,635881561.0,2837,4009
GL7,12790,1363306.0,3914430223.0,2871,4008
AL10,9931,813202.0,2196719251.0,2701,4003
TQ7,5741,629900.0,1791824905.0,2845,4001
M4,8460,563738.0,1625813305.0,2884,3996
OX28,11763,998250.0,2763180651.0,2768,3994
RM16,10452,924405.0,2620905244.0,2835,3989
CB23,7278,798088.0,2295627683.0,2876,3989
DT7,2254,259846.0,740003922.0,2848,3989
DE45,2351,265277.0,750494146.0,2829,3988
SS6,12063,1145514.0,3295134201.0,2877,3986
OX12,8206,861506.0,2508481684.0,2912,3985
SS5,6513,709854.0,2078959255.0,2929,3984
MK10,5713,571801.0,1668802218.0,2919,3984
OX18,8719,838065.0,2372597263.0,2831,3974
BH18,4307,522424.0,1478531071.0,2830,3972
TN26,2134,276650.0,793002096.0,2866,3969
MK5,2475,270364.0,755749393.0,2795,3967
BS36,2376,272066.0,774290475.0,2846,3966
MK46,3821,396592.0,1133225261.0,2857,3964
B91,11983,1413599.0,3924244158.0,2776,3960
GU14,21841,1839977.0,5068061349.0,2754,3960
BH22,10067,1060399.0,2964040481.0,2795,3960
SO45,6320,590077.0,1665570418.0,2823,3959
CT5,12898,1248907.0,3530925794.0,2827,3954
MK4,4758,462703.0,1312001853.0,2836,3954
MK19,2461,269492.0,762872341.0,2831,3947
SS9,20592,1920917.0,5434530442.0,2829,3945
GL9,310,42016.0,116361191.0,2769,3940
CM77,3128,347812.0,973275252.0,2798,3937
BS40,2747,392622.0,1111331617.0,2831,3936
CO5,6249,671892.0,1909982243.0,2843,3936
EN3,15042,1115746.0,2892250077.0,2592,3935
RM13,9182,790833.0,2261586164.0,2860,3935
HP2,13638,1074382.0,2950778105.0,2746,3928
SG17,4669,458581.0,1334792930.0,2911,3926
TN21,5944,621942.0,1726360920.0,2776,3926
WA16,8360,1074457.0,3023686210.0,2814,3925
B15,5140,484574.0,1327043366.0,2739,3922
SS11,6252,582615.0,1660201945.0,2850,3922
SP11,7916,847965.0,2473323568.0,2917,3918
LA23,3133,355259.0,972624702.0,2738,3911
PO17,1729,194448.0,530140159.0,2726,3908
MK15,1324,128202.0,352544889.0,2750,3907
M15,9493,648025.0,1787808618.0,2759,3905
TR3,3013,367446.0,1027997547.0,2798,3900
BH6,10318,980196.0,2691540717.0,2746,3899
OX17,3536,442537.0,1231404344.0,2783,3898
UB1,4505,375420.0,982374919.0,2617,3898
N9,11835,858756.0,2207692244.0,2571,3895
SK7,8068,884784.0,2491004774.0,2815,3890
MK9,2528,157211.0,413347830.0,2629,3887
SS3,4866,447664.0,1246378763.0,2784,3887
NR25,3923,444001.0,1251236578.0,2818,3880
CM9,9618,934429.0,2616236255.0,2800,3876
SE28,8731,594561.0,1448665438.0,2437,3876
CV8,11366,1124248.0,3083957100.0,2743,3868
MK43,8561,950069.0,2706192800.0,2848,3867
SS12,8233,672384.0,1801593071.0,2679,3867
LS23,2024,236626.0,654666049.0,2767,3867
BN24,2896,279945.0,783284139.0,2798,3866
SN6,4145,443552.0,1232220973.0,2778,3863
SN16,4383,484941.0,1341710391.0,2767,3860
GL50,11204,1016390.0,2713391933.0,2670,3859
B95,2099,265506.0,724418842.0,2728,3856
BH20,4298,454203.0,1245212074.0,2742,3855
LU7,22974,2058334.0,5731604913.0,2785,3854
E7,9349,840797.0,2214086457.0,2633,3854
TN25,5270,609226.0,1696515928.0,2785,3853
SK12,3835,397792.0,1113180936.0,2798,3852
EX9,2827,341075.0,926045425.0,2715,3851
HG3,7438,874482.0,2425951090.0,2774,3849
MK18,10497,1095037.0,2990877113.0,2731,3848
GU11,8799,694930.0,1881511799.0,2707,3845
SN9,2117,232659.0,629463711.0,2706,3843
CO6,5659,664217.0,1826731659.0,2750,3840
IG11,13699,1062317.0,2778660886.0,2616,3838
BS28,891,128982.0,356907207.0,2767,3830
PO41,891,105481.0,284114246.0,2694,3830
GL52,16089,1568530.0,4304792513.0,2744,3830
PL27,4186,440427.0,1205127528.0,2736,3827
SN26,465,58756.0,168840357.0,2874,3824
CV36,3493,386756.0,1061869168.0,2746,3822
TQ9,5792,615192.0,1673627959.0,2720,3812
BS34,6901,575159.0,1604285505.0,2789,3810
ME14,10096,901397.0,2435988834.0,2702,3806
BS2,4831,356734.0,968821083.0,2716,3806
CA12,2433,247089.0,664809552.0,2691,3802
TN32,1190,142623.0,382390042.0,2681,3801
CT4,3615,461451.0,1249205202.0,2707,3801
B48,1130,142743.0,385946729.0,2704,3801
BH4,6041,545416.0,1400748583.0,2568,3800
HP12,7230,593293.0,1541397925.0,2598,3796
CV34,14119,1275646.0,3494141354.0,2739,3794
BN26,5435,461234.0,1257348430.0,2726,3790
E13,8946,718128.0,1827415311.0,2545,3789
B47,1780,189580.0,512782274.0,2705,3788
OX26,18186,1539652.0,4036862346.0,2622,3782
CV32,13061,1328192.0,3543107276.0,2668,3781
PO34,1195,134449.0,361557478.0,2689,3774
RG30,14308,1152286.0,2990891866.0,2596,3770
N18,6313,475876.0,1179968819.0,2480,3765
SP3,2327,310012.0,824397556.0,2659,3764
TR19,2004,194100.0,522942380.0,2694,3761
TA17,214,28314.0,74917102.0,2646,3760
BS37,7945,709599.0,1925121874.0,2713,3760
HP19,12932,962379.0,2464979629.0,2561,3760
NE69,212,24328.0,64224180.0,2640,3759
SG18,11422,1009286.0,2779969504.0,2754,3757
CR7,10102,859521.0,2208889481.0,2570,3753
BH31,6903,686558.0,1773639528.0,2583,3747
SN13,5736,578210.0,1562401726.0,2702,3747
ME3,5301,524614.0,1418782639.0,2704,3745
M50,4109,253732.0,668659018.0,2635,3744
BS30,6468,568766.0,1516783176.0,2667,3743
PO35,1851,208416.0,550839744.0,2643,3738
SS17,8647,754114.0,2030539954.0,2693,3732
BN13,12153,1072851.0,2836739952.0,2644,3728
ME16,12483,1079689.0,2839846097.0,2630,3723
BN15,9052,751447.0,1995117213.0,2655,3723
DT2,4644,532653.0,1402158489.0,2632,3722
BS49,2326,253665.0,690174698.0,2721,3722
PO15,7844,723366.0,1912683592.0,2644,3720
IG3,7514,715766.0,1781266786.0,2489,3719
BN25,10592,1010649.0,2655120702.0,2627,3719
ME6,4668,367478.0,987543708.0,2687,3713
IG1,13081,1137527.0,2772419206.0,2437,3712
TR11,11492,1149291.0,3041024590.0,2646,3710
CT2,7543,693456.0,1800110036.0,2596,3708
BH2,5445,375767.0,937377457.0,2495,3708
SS7,17492,1737151.0,4624942804.0,2662,3704
RM8,11029,832083.0,2107267249.0,2533,3703
BH15,13716,1153452.0,2983744590.0,2587,3702
PE5,208,30278.0,81450865.0,2690,3701
NN12,8611,903476.0,2451840291.0,2714,3699
MK44,2844,371980.0,1002660585.0,2695,3698
SE2,5452,449621.0,1161195379.0,2583,3697
EX5,5210,543295.0,1456335697.0,2681,3695
MK3,4952,442874.0,1182328316.0,2670,3694
RM19,3333,204226.0,499674880.0,2447,3693
LS29,11021,1327505.0,3508654755.0,2643,3692
LS18,4750,450866.0,1199015110.0,2659,3691
SN7,4468,460499.0,1215057861.0,2639,3689
RM9,8673,650335.0,1641966843.0,2525,3686
DA17,6946,507561.0,1302043115.0,2565,3685
CT21,7103,740516.0,1955382536.0,2641,3685
BS7,13519,1314873.0,3442775953.0,2618,3685
RG22,14524,1236989.0,3147213955.0,2544,3683
DT1,8380,768440.0,2022929063.0,2633,3680
TN33,3814,450866.0,1167849271.0,2590,3677
TN36,809,94299.0,246647989.0,2616,3675
YO32,4949,481793.0,1258134115.0,2611,3674
HP21,13844,1072700.0,2715058507.0,2531,3671
EX33,3655,371714.0,971603622.0,2614,3671
DA11,8590,719895.0,1875582375.0,2605,3670
DT6,7771,771324.0,1990469498.0,2581,3666
ME9,4327,482370.0,1263005989.0,2618,3663
WA13,5184,580886.0,1484224444.0,2555,3663
ME15,14073,1273311.0,3311987914.0,2601,3661
SP4,5665,571479.0,1520332928.0,2660,3661
CT3,4356,469947.0,1265209803.0,2692,3660
PE31,5109,576006.0,1527250331.0,2651,3657
TQ13,5022,573488.0,1495071077.0,2607,3657
LS22,6025,706238.0,1862006626.0,2637,3654
CW4,2374,286723.0,768085213.0,2679,3652
BH16,4246,375461.0,976536306.0,2601,3652
EX6,2645,297557.0,766525804.0,2576,3651
CM8,12696,1074073.0,2824565456.0,2630,3651
RH11,15765,1266656.0,3237032162.0,2556,3651
TN31,4974,554815.0,1440798331.0,2597,3649
SP1,7482,718960.0,1851852640.0,2576,3648
SS4,7504,689962.0,1820585279.0,2639,3646
IP12,7321,806181.0,2109278640.0,2616,3645
SG2,12970,1085126.0,2792059411.0,2573,3645
PO14,11854,1082014.0,2784943810.0,2574,3644
CM20,6184,489897.0,1281176521.0,2615,3643
LU6,11359,1027636.0,2654591503.0,2583,3641
RM10,9852,722917.0,1790961904.0,2477,3640
BN14,12398,1184637.0,3031666177.0,2559,3639
CO3,11311,1131030.0,2953837150.0,2612,3637
CT18,3511,363519.0,945685734.0,2601,3637
LU5,10248,852918.0,2276522892.0,2669,3636
HP20,6473,475744.0,1195074915.0,2512,3635
RG21,11355,900458.0,2263497177.0,2514,3634
RM15,8770,682618.0,1766088704.0,2587,3634
E6,17521,1385958.0,3283480085.0,2369,3631
TR12,1871,219289.0,566164594.0,2582,3631
TR8,2659,276151.0,735006031.0,2662,3629
EX24,1105,123931.0,320352452.0,2585,3628
B74,10749,1355765.0,3481851045.0,2568,3626
SO50,15402,1342314.0,3457594954.0,2576,3626
BN20,8847,949819.0,2415095355.0,2543,3624
PO22,12200,1129394.0,2875268258.0,2546,3623
CT1,10974,941347.0,2383631700.0,2532,3619
DA8,10644,821366.0,2066493220.0,2516,3614
CW6,3448,485338.0,1268113112.0,2613,3608
IP5,3984,386261.0,982143414.0,2543,3605
SG15,2784,228474.0,576731212.0,2524,3605
CF71,2280,289802.0,769302125.0,2655,3601
DY7,1403,169354.0,433823979.0,2562,3600
B50,1515,154571.0,403126951.0,2608,3598
NE1,3271,212170.0,482588178.0,2275,3597
ME13,9343,857300.0,2238046852.0,2611,3595
EX11,3242,380961.0,982329076.0,2579,3592
MK1,93,8882.0,22160984.0,2495,3592
IP10,539,77500.0,204099672.0,2634,3587
CO7,8279,923471.0,2395774913.0,2594,3587
S33,1061,122456.0,309998428.0,2532,3584
SG1,18388,1544709.0,3846271283.0,2490,3582
E12,7321,668233.0,1590934177.0,2381,3578
IP29,1636,212405.0,543550607.0,2559,3575
BN10,7613,656526.0,1669046234.0,2542,3572
YO23,7114,690411.0,1751798369.0,2537,3572
CV47,6088,620858.0,1617560022.0,2605,3570
HG2,14130,1592530.0,4033155987.0,2533,3568
BH5,5751,452493.0,1097991532.0,2427,3568
CO11,3781,384269.0,1012268921.0,2634,3567
GL12,3480,395376.0,1022898586.0,2587,3566
BH17,10023,751662.0,1845377734.0,2455,3565
BS25,2022,257698.0,665188497.0,2581,3560
PO8,10756,1059707.0,2678436204.0,2528,3557
WR7,1052,156709.0,398209453.0,2541,3557
M20,18627,1766277.0,4387880444.0,2484,3553
DT9,5863,631186.0,1601781752.0,2538,3552
EX12,4883,446547.0,1116701929.0,2501,3548
SN4,5439,569094.0,1444939937.0,2539,3544
WR13,1692,234530.0,596665894.0,2544,3543
BS3,16334,1436322.0,3699565410.0,2576,3543
CT15,2683,308602.0,777691031.0,2520,3541
SS15,9320,765591.0,1943608107.0,2539,3538
DT8,1940,199610.0,498173207.0,2496,3534
LA8,1507,182273.0,459032162.0,2518,3533
IP13,4069,506692.0,1294899267.0,2556,3533
SP2,10834,961809.0,2405566407.0,2501,3531
BA5,6583,660297.0,1672631535.0,2533,3529
BH3,2208,306386.0,752161903.0,2455,3528
B49,3425,317439.0,803038163.0,2530,3527
BH10,7098,624882.0,1556394024.0,2491,3527
SS16,8040,689213.0,1728445460.0,2508,3526
WS14,5962,618130.0,1566730103.0,2535,3524
NN7,4970,594208.0,1519317785.0,2557,3523
BS21,9580,886808.0,2218232574.0,2501,3517
B96,1089,135474.0,337560137.0,2492,3513
CM19,5768,479475.0,1177787139.0,2456,3508
MK16,7371,635519.0,1556853285.0,2450,3504
PO7,14670,1337226.0,3354916412.0,2509,3503
DT11,7522,762034.0,1890745986.0,2481,3501
TR20,1992,217719.0,544016695.0,2499,3500
PE19,12747,1195382.0,3034194148.0,2538,3500
PO11,7439,743864.0,1825099889.0,2454,3497
B5,3462,247336.0,587628258.0,2376,3497
IP7,2951,336160.0,844505551.0,2512,3497
BS16,23594,2166274.0,5458710611.0,2520,3495
YO51,1545,174872.0,450790416.0,2578,3495
DT3,8358,796672.0,1981190022.0,2487,3495
SK10,14031,1511407.0,3768055121.0,2493,3494
TR17,462,46796.0,114565649.0,2448,3490
MK14,3093,283930.0,701230075.0,2470,3488
NR22,229,22716.0,56453087.0,2485,3487
BH11,6758,548967.0,1355549950.0,2469,3486
LS20,2726,291171.0,721103378.0,2477,3485
BS39,3131,354330.0,888160955.0,2507,3482
SK8,13628,1323952.0,3288127641.0,2484,3476
LS2,2494,146164.0,317905290.0,2175,3474
EX2,17508,1611519.0,3986124402.0,2474,3472
PE28,9820,1142340.0,2873604922.0,2516,3471
TR6,1520,159074.0,398888961.0,2508,3471
MK13,2781,232228.0,564691778.0,2432,3465
DA12,13450,1157201.0,2823358856.0,2440,3463
IP9,2179,253467.0,638665024.0,2520,3461
HG5,6567,718720.0,1799134671.0,2503,3460
GL19,1445,201997.0,498796428.0,2469,3458
SN15,11066,1035454.0,2579229953.0,2491,3458
CO13,4893,513623.0,1271787243.0,2476,3458
SA3,4649,535126.0,1323560115.0,2473,3458
BN11,17185,1385854.0,3329465158.0,2402,3454
BN23,14045,1166866.0,2732443457.0,2342,3453
BN27,11337,1047917.0,2592198139.0,2474,3450
RM20,3022,205322.0,507572587.0,2472,3450
NE20,2307,384450.0,954666700.0,2483,3448
NN13,9025,877959.0,2149344930.0,2448,3446
ME8,13622,1221813.0,3023443403.0,2475,3443
CV31,10604,904146.0,2162747309.0,2392,3439
S17,5385,653333.0,1614461575.0,2471,3434
IP30,3263,406906.0,1025058506.0,2519,3433
PO16,12102,1068435.0,2598726143.0,2432,3430
BH7,4484,460366.0,1095245908.0,2379,3424
CH3,8697,964150.0,2360103996.0,2448,3415
SG19,7844,748022.0,1797789137.0,2403,3415
PE8,3090,392244.0,962761814.0,2454,3412
WR8,1544,196752.0,481712167.0,2448,3412
CH60,3902,489336.0,1199964910.0,2452,3412
B46,2560,244563.0,594197846.0,2430,3411
EX8,16494,1532125.0,3692329752.0,2410,3410
SN14,8197,792693.0,1895100367.0,2391,3408
WV5,2259,228672.0,562707336.0,2461,3406
YO61,3345,428908.0,1056554282.0,2463,3405
PL30,1538,185161.0,447877605.0,2419,3403
SN5,7357,642697.0,1549895926.0,2412,3401
EX31,6740,663405.0,1650035223.0,2487,3401
RM17,11382,815607.0,1894768069.0,2323,3398
CT10,10328,1066882.0,2588183458.0,2426,3392
PO21,17316,1546218.0,3675175838.0,2377,3391
CB7,7850,730079.0,1771512591.0,2426,3391
CV7,5593,610130.0,1479887797.0,2426,3389
B17,8948,888364.0,2080146320.0,2342,3386
TN24,7903,709521.0,1716968441.0,2420,3385
TA3,2834,383321.0,930699415.0,2428,3384
CM7,19186,1665980.0,3940752424.0,2365,3382
TR4,2648,267872.0,648921109.0,2423,3381
GL3,7474,666758.0,1628842141.0,2443,3379
CO8,654,79161.0,192098194.0,2427,3378
L2,1038,60157.0,137151747.0,2280,3377
PL10,847,89173.0,214533657.0,2406,3376
YO19,2432,296009.0,716258529.0,2420,3375
SP7,5295,538401.0,1306762079.0,2427,3371
M41,7163,649630.0,1573925692.0,2423,3370
B75,9529,1015433.0,2417137185.0,2380,3368
NN6,7452,955586.0,2360889425.0,2471,3367
B76,7663,696461.0,1614872809.0,2319,3366
IP32,8177,714747.0,1705756902.0,2387,3365
M33,20642,2008846.0,4846822053.0,2413,3365
CM0,6607,661386.0,1599479939.0,2418,3364
TN29,2721,260437.0,622394140.0,2390,3364
BN17,12369,1004729.0,2346878494.0,2336,3364
CO4,17876,1591851.0,3798290105.0,2386,3361
EX1,10153,941596.0,2319392272.0,2463,3359
CF10,6790,483752.0,1062138788.0,2196,3355
ME1,11033,959911.0,2294693426.0,2391,3354
PL35,455,43110.0,102151621.0,2370,3353
CT13,3012,318455.0,768890758.0,2414,3351
LL35,508,52155.0,124395940.0,2385,3348
L1,3951,232938.0,528572109.0,2269,3348
GL51,17555,1483535.0,3496567086.0,2357,3347
CO9,8672,828272.0,1982013096.0,2393,3346
SS1,11657,1079294.0,2512926860.0,2328,3344
PE27,8414,702353.0,1642502211.0,2339,3344
YO60,779,105827.0,251027880.0,2372,3343
CF15,3281,349076.0,830601363.0,2379,3343
B60,8876,886099.0,2069356269.0,2335,3343
CO10,12861,1289601.0,3078147707.0,2387,3342
IP6,4192,433399.0,1052278531.0,2428,3342
CV13,1978,244291.0,585403094.0,2396,3339
NE45,1373,173753.0,406887869.0,2342,3338
M21,9200,900775.0,2124862799.0,2359,3329
NG12,7466,875219.0,2126049827.0,2429,3329
IP33,10401,933123.0,2174628078.0,2330,3329
TA13,1376,148650.0,350559619.0,2358,3328
CT7,5364,488936.0,1154741938.0,2362,3326
EX23,5148,543156.0,1297469329.0,2389,3325
YO41,2283,267007.0,639714141.0,2396,3324
CB8,10977,1111070.0,2594903696.0,2335,3323
BH8,11163,1005858.0,2275755094.0,2263,3321
TQ10,1041,108505.0,254165775.0,2342,3319
BH12,14271,1195086.0,2745110772.0,2297,3318
OL3,3221,327048.0,777200700.0,2376,3317
BS10,7703,665225.0,1578703131.0,2373,3316
TR1,8851,850764.0,1992428566.0,2342,3315
CT6,15811,1474537.0,3483467734.0,2362,3313
LL64,442,54630.0,133245818.0,2439,3309
EX14,7537,669423.0,1558156439.0,2328,3308
GL5,9793,938461.0,2214707259.0,2360,3306
CB6,9943,1029123.0,2431382812.0,2363,3302
NG1,3852,271683.0,574238943.0,2114,3301
DT10,3287,363790.0,843147508.0,2318,3297
TF13,854,99151.0,232184488.0,2342,3295
SK6,9103,868991.0,2047100727.0,2356,3295
WR6,2130,308122.0,721980887.0,2343,3290
WS13,10178,992380.0,2340654913.0,2359,3286
NG25,3020,355824.0,835351147.0,2348,3285
LU2,22547,1797259.0,4087326934.0,2274,3285
IP8,2953,286413.0,669873880.0,2339,3284
EX13,4136,426499.0,993863257.0,2330,3284
SN10,9846,982432.0,2291189087.0,2332,3283
ME2,12767,1075235.0,2521932390.0,2345,3282
PE9,11530,1206263.0,2811459048.0,2331,3282
TA11,3048,352945.0,836883609.0,2371,3280
GL10,4481,446042.0,1063147890.0,2384,3279
CT14,12987,1217037.0,2855758094.0,2346,3277
SO14,9466,742564.0,1602133785.0,2158,3275
CF64,12691,1364076.0,3194051509.0,2342,3274
BH9,12605,1150273.0,2570371852.0,2235,3274
CV23,6737,772228.0,1834042925.0,2375,3273
B92,12681,1171701.0,2700135947.0,2304,3272
BS27,2752,286745.0,667497339.0,2328,3272
IP31,4475,559211.0,1318891795.0,2358,3270
NR4,6797,717723.0,1700010753.0,2369,3268
LE8,7864,842932.0,1997940575.0,2370,3266
B45,5407,520520.0,1219683419.0,2343,3264
GL11,5185,498927.0,1185429320.0,2376,3263
LE16,14810,1551052.0,3672268494.0,2368,3261
NP15,1456,178019.0,415927951.0,2336,3261
PL34,476,49486.0,115587296.0,2336,3260
TA4,3811,446141.0,1038754753.0,2328,3258
YO26,9726,922979.0,2127048649.0,2305,3257
WR10,5410,593987.0,1398866660.0,2355,3256
BS29,1348,137238.0,346480916.0,2525,3255
NR14,6070,710086.0,1676228316.0,2361,3254
OX16,20342,1674797.0,3822184577.0,2282,3251
CM18,6902,551136.0,1268056666.0,2301,3249
TN39,12831,1367731.0,3136178364.0,2293,3248
LE6,2112,203802.0,470298274.0,2308,3246
LE7,9989,1103036.0,2592319222.0,2350,3246
CH48,4367,541550.0,1248347778.0,2305,3245
NP16,6212,647603.0,1503047461.0,2321,3243
TN28,2797,295426.0,688903932.0,2332,3243
B72,3522,375643.0,856156067.0,2279,3242
SP10,14585,1271150.0,2808689275.0,2210,3241
YO62,2611,307752.0,717034812.0,2330,3241
B73,7945,838365.0,1909829259.0,2278,3240
PO9,14753,1357291.0,3148248115.0,2320,3238
CF14,20235,1983991.0,4583067954.0,2310,3237
DE73,4142,433001.0,1003593162.0,2318,3235
LS19,4282,400655.0,919522771.0,2295,3233
LE19,3765,356279.0,865215346.0,2428,3229
MK42,13857,1154275.0,2677576972.0,2320,3228
TR27,4289,390016.0,903990632.0,2318,3227
BA11,13141,1210278.0,2784780173.0,2301,3226
PL21,6717,616594.0,1415083585.0,2295,3226
TN23,15428,1300111.0,2953507557.0,2272,3225
HG1,16834,1609167.0,3653932805.0,2271,3225
GL13,1508,148243.0,348237573.0,2349,3224
IP17,4116,452363.0,1037521475.0,2294,3223
GL2,14652,1410045.0,3261447167.0,2313,3223
NR9,4102,476678.0,1115703656.0,2341,3220
HR8,4641,444467.0,1011864226.0,2277,3219
MK40,12857,1206920.0,2762294591.0,2289,3219
BA3,7987,774316.0,1776388919.0,2294,3218
SS8,13801,1155580.0,2604012710.0,2253,3218
TR10,3915,329505.0,749567117.0,2275,3217
CO2,14378,1162793.0,2651645726.0,2280,3216
TQ14,7983,809770.0,1836139384.0,2267,3216
TR7,9392,878783.0,2021838958.0,2301,3207
LE12,14780,1504827.0,3529476407.0,2345,3206
YO30,10350,924871.0,2081976289.0,2251,3206
BA22,3903,433157.0,984190605.0,2272,3205
ST19,2584,283709.0,662964413.0,2337,3204
LS17,14803,1613457.0,3624652112.0,2247,3198
ME5,19641,1566666.0,3511878514.0,2242,3196
BS26,1277,157523.0,352429616.0,2237,3195
EX21,739,88186.0,199346574.0,2261,3193
GL20,7875,746547.0,1672934675.0,2241,3192
MK41,13604,1253320.0,2820587911.0,2250,3191
BA7,1423,136006.0,303644763.0,2233,3191
SA42,501,61880.0,143220285.0,2314,3185
BH1,10174,738892.0,1564586681.0,2117,3184
LA6,2604,301664.0,685558400.0,2273,3182
LE15,9492,1076500.0,2432632663.0,2260,3179
NN29,2035,197524.0,450774326.0,2282,3176
DE3,4148,401194.0,931756230.0,2322,3176
L37,4263,512823.0,1178650310.0,2298,3175
YO24,10994,971258.0,2196151073.0,2261,3173
TA15,168,17524.0,39068598.0,2229,3172
NP8,977,113611.0,256908768.0,2261,3172
NG13,5145,593066.0,1377984619.0,2323,3170
SO18,11539,924391.0,2054167318.0,2222,3169
S1,1897,112024.0,233893180.0,2088,3168
EX37,520,67695.0,151990463.0,2245,3168
BS15,12975,1084732.0,2467352326.0,2275,3164
LS16,12652,1320093.0,2986590381.0,2262,3161
SK4,12848,1271072.0,2865753973.0,2255,3161
MK2,2706,215171.0,477363258.0,2219,3161
TR13,6044,542981.0,1211892025.0,2232,3159
HR3,1106,136409.0,308783412.0,2264,3157
DE72,3739,384662.0,872680226.0,2269,3152
WV7,847,90474.0,207641264.0,2295,3152
PL19,5958,601486.0,1350389632.0,2245,3151
BA12,9283,894276.0,2008874401.0,2246,3145
SP9,1548,129281.0,295044079.0,2282,3145
MK12,2650,235889.0,520034593.0,2205,3144
TA14,953,101312.0,227401810.0,2245,3142
DE6,6278,724691.0,1634802002.0,2256,3142
NR13,6166,712680.0,1638899971.0,2300,3140
PE36,3526,376264.0,847354634.0,2252,3135
TA10,2544,291108.0,655652355.0,2252,3132
NR18,8571,818689.0,1880207355.0,2297,3132
NR8,5342,525022.0,1181083463.0,2250,3130
TA22,702,86085.0,185986116.0,2160,3130
HR9,5746,602264.0,1350423597.0,2242,3126
IP19,3577,345086.0,777884044.0,2254,3126
ME10,17460,1484120.0,3315331722.0,2234,3124
DY9,7524,824953.0,1823140238.0,2210,3119
TS9,2160,248895.0,556237313.0,2235,3118
ST21,1170,146927.0,330273618.0,2248,3116
SY3,11735,1133534.0,2533667322.0,2235,3116
YO10,8521,729972.0,1556146399.0,2132,3115
NE67,422,44278.0,99267524.0,2242,3113
TF8,725,73496.0,164187906.0,2234,3112
SN25,21543,2000274.0,4280851978.0,2140,3112
SY6,2071,237190.0,523902414.0,2209,3111
TR16,3096,300530.0,673441012.0,2241,3110
SP8,6548,615224.0,1326353730.0,2156,3110
LE14,3209,414622.0,926990443.0,2236,3108
SO16,19546,1713577.0,3673348699.0,2144,3107
CF23,11236,1160548.0,2546520460.0,2194,3107
PL13,3533,351283.0,768802091.0,2189,3105
EX4,18879,1657891.0,3567250401.0,2152,3105
L3,6557,464086.0,938168232.0,2022,3102
NG14,3803,453412.0,1025716693.0,2262,3101
WR11,15115,1444712.0,3157066173.0,2185,3101
DE65,5215,526005.0,1166967224.0,2219,3101
BA10,1111,114388.0,249914847.0,2185,3098
YO31,11141,983471.0,2153018680.0,2189,3098
PO6,10790,999536.0,2189370202.0,2190,3098
TA5,2624,299079.0,685050436.0,2291,3095
CH64,4910,552924.0,1217669146.0,2202,3093
TF11,3854,387924.0,879016170.0,2266,3092
IP28,5651,585775.0,1299576923.0,2219,3092
CO1,9293,654937.0,1382036047.0,2110,3091
BS24,9845,890755.0,1964756241.0,2206,3089
SY14,1463,198707.0,447628620.0,2253,3089
SS0,19067,1634019.0,3508005683.0,2147,3087
DE4,8647,885596.0,1972329363.0,2227,3087
PL9,11381,1088769.0,2431774743.0,2234,3086
EX15,6861,656214.0,1450227287.0,2210,3083
SS2,14065,1139377.0,2478178115.0,2175,3082
LE17,6890,804517.0,1768844128.0,2199,3081
LS21,6379,627328.0,1373781225.0,2190,3080
PO31,7154,681801.0,1459911114.0,2141,3080
NP25,4394,486844.0,1064343422.0,2186,3080
PE29,10564,919626.0,1982483909.0,2156,3080
CH4,9500,954180.0,2139140016.0,2242,3080
YO42,4274,472896.0,1066057446.0,2254,3079
SN12,9286,847884.0,1887869985.0,2227,3078
WV16,4402,425086.0,919038064.0,2162,3076
DY14,1265,158333.0,345264141.0,2181,3076
BN21,12912,1137339.0,2401194422.0,2111,3071
NR2,11975,1041373.0,2214541880.0,2127,3065
DL11,778,101192.0,220939110.0,2183,3064
WR9,11338,1115941.0,2406027978.0,2156,3064
SN11,10124,952151.0,2049602097.0,2153,3064
SO15,16738,1396365.0,2873602982.0,2058,3060
GL18,2724,276285.0,616368650.0,2231,3059
BA6,4836,487197.0,1054189085.0,2164,3058
ST12,879,112837.0,251008912.0,2225,3058
TQ12,17398,1648856.0,3600947348.0,2184,3058
B61,7720,730847.0,1559827722.0,2134,3056
SS14,7968,655638.0,1450682296.0,2213,3055
NE18,125,18540.0,39638449.0,2138,3055
BS4,15324,1375337.0,3037121914.0,2208,3054
PL20,2480,301503.0,646921298.0,2146,3052
NR11,4484,507913.0,1112535243.0,2190,3052
TA19,3903,401932.0,865897878.0,2154,3052
DL8,5100,533377.0,1159467946.0,2174,3050
ST18,3568,434270.0,968160901.0,2229,3050
WA6,5036,535186.0,1175669087.0,2197,3049
BN9,5056,443128.0,934095960.0,2108,3047
EX35,661,65744.0,143046397.0,2176,3047
IP14,14277,1335658.0,2918206479.0,2185,3045
NR1,12658,960277.0,2039390686.0,2124,3042
PO40,2560,246027.0,531871809.0,2162,3041
CV22,12074,1184931.0,2597915016.0,2192,3041
YO7,5097,506531.0,1098692704.0,2169,3037
WR14,12654,1282480.0,2767877841.0,2158,3037
SY2,7384,690382.0,1561959353.0,2262,3036
LA11,3551,371395.0,794994786.0,2141,3036
SY5,3519,425049.0,929543258.0,2187,3035
NR26,3971,407477.0,884188184.0,2170,3035
CH2,10517,968214.0,2063928803.0,2132,3034
WA4,13073,1333895.0,2865696818.0,2148,3034
S10,15636,1642524.0,3493026871.0,2127,3033
GL4,9730,860444.0,1854922156.0,2156,3032
SO17,6471,559932.0,1127464544.0,2014,3032
NR12,5837,662818.0,1434898440.0,2165,3031
WV8,2435,252395.0,549433814.0,2177,3030
NE13,6734,737762.0,1750711408.0,2373,3028
BS14,8832,772160.0,1691442137.0,2191,3026
B80,2472,240786.0,514115211.0,2135,3026
S11,12815,1432892.0,3034160295.0,2118,3024
EX17,4897,506901.0,1086009851.0,2142,3024
TQ5,8850,816306.0,1736647680.0,2127,3024
EX7,6237,582258.0,1258910615.0,2162,3023
EX18,874,94388.0,201876532.0,2139,3022
EX22,2615,275191.0,591559882.0,2150,3020
PO13,12887,1132172.0,2379076191.0,2101,3019
B78,5137,478897.0,1047051275.0,2186,3014
EX19,1117,115742.0,245406694.0,2120,3012
TA7,3047,370786.0,789350288.0,2129,3011
LS24,3341,351893.0,758959166.0,2157,3011
HG4,7532,792889.0,1695094718.0,2138,3010
MK6,3019,260356.0,533406230.0,2049,3007
CO16,8622,779870.0,1683933064.0,2159,3005
SN3,17018,1509705.0,3265627785.0,2163,3005
S18,6119,583128.0,1265331322.0,2170,3005
TN35,6481,633680.0,1342883040.0,2119,3004
LA10,937,98480.0,211216591.0,2145,3003
TA21,6805,648240.0,1403524076.0,2165,3003
PO39,1207,135379.0,287673079.0,2125,3002
BA9,2983,278948.0,596801425.0,2139,3002
NN4,20809,1895481.0,3901384084.0,2058,3001
IP11,11297,1040763.0,2242255467.0,2154,3000
NR10,4285,472906.0,1017650742.0,2152,2997
CW5,11007,1177992.0,2524670435.0,2143,2995
WV15,1892,175571.0,371852349.0,2118,2995
DT4,15571,1342989.0,2797876916.0,2083,2995
SS13,5749,455623.0,952737479.0,2091,2994
BA8,1206,128520.0,268683279.0,2091,2993
WS9,6557,623384.0,1334064599.0,2140,2992
TA12,2127,198341.0,422338931.0,2129,2992
LA7,1237,133360.0,284318671.0,2132,2992
DY12,3307,338150.0,712332907.0,2107,2991
RM18,4585,340495.0,709229249.0,2083,2990
BA4,5508,538711.0,1126787128.0,2092,2990
BN22,13148,1134729.0,2376450954.0,2094,2989
NE41,703,82916.0,174346544.0,2103,2989
TF6,756,99024.0,215672164.0,2178,2989
SK23,3721,391665.0,846729916.0,2162,2988
BD24,1691,169660.0,363640760.0,2143,2987
LU3,18865,1550506.0,3167947430.0,2043,2987
LE65,6233,665463.0,1445169499.0,2172,2986
NR15,3173,381059.0,810625995.0,2127,2986
BA13,9001,811905.0,1706205090.0,2101,2985
NE44,331,53879.0,116049160.0,2154,2985
M28,8288,810909.0,1739480945.0,2145,2977
PL22,1361,135428.0,283546143.0,2094,2976
PO1,9409,726910.0,1443434819.0,1986,2974
LE9,11145,1115550.0,2401934814.0,2153,2972
BS13,6812,570912.0,1255700081.0,2199,2968
IP21,2407,297622.0,627784954.0,2109,2967
NR7,12303,1103915.0,2329943024.0,2111,2966
SO19,19439,1523841.0,3156645262.0,2072,2961
IP23,2131,268053.0,565855723.0,2111,2958
BL7,3157,347143.0,728835907.0,2100,2957
EX36,3093,304446.0,657732711.0,2160,2957
TA1,16306,1417978.0,2915712348.0,2056,2956
PO38,4589,471217.0,973408677.0,2066,2956
DE74,2655,278069.0,592476691.0,2131,2955
CT12,4708,417602.0,882785986.0,2114,2954
NR27,5037,482283.0,1020466940.0,2116,2954
BA14,16514,1504021.0,3146901668.0,2092,2954
LS25,8375,812317.0,1739364926.0,2141,2954
YO18,4110,409581.0,877075060.0,2141,2953
LA9,11730,1020916.0,2142201801.0,2098,2952
PE6,7247,779008.0,1645235400.0,2112,2949
PL26,5074,499623.0,1054996119.0,2112,2948
BD23,9428,916182.0,1945365102.0,2123,2948
BA16,4689,418736.0,867381911.0,2071,2947
EX16,10090,984471.0,2049804885.0,2082,2947
SY8,5933,570263.0,1182654028.0,2074,2946
TA24,6848,683725.0,1404853040.0,2055,2946
WR5,12553,1159652.0,2410544196.0,2079,2946
NR24,1227,135014.0,283425174.0,2099,2943
PL16,536,59654.0,122906906.0,2060,2939
HD8,5626,601864.0,1265661173.0,2103,2938
WR2,9702,971239.0,2035481881.0,2096,2936
TR18,5916,538625.0,1121984605.0,2083,2936
NG9,12630,1139604.0,2403219569.0,2109,2934
EX39,13442,1293974.0,2703550196.0,2089,2934
SK22,2421,230533.0,483090797.0,2096,2932
WR3,7771,752122.0,1563823433.0,2079,2931
NR16,2665,353858.0,749592903.0,2118,2928
L40,3361,391332.0,823421806.0,2104,2926
LU1,12832,988888.0,1952833033.0,1975,2925
NR20,4790,567008.0,1202241336.0,2120,2925
TQ4,9135,829976.0,1712518340.0,2063,2924
NN14,9557,1009868.0,2115215880.0,2095,2924
HR1,8802,920821.0,1912852960.0,2077,2918
TN40,9822,831805.0,1707039268.0,2052,2916
IP22,6690,710913.0,1468921957.0,2066,2915
PE7,11147,1093022.0,2326475144.0,2128,2909
TA16,658,66014.0,137768168.0,2087,2909
DE13,10405,1117269.0,2369860543.0,2121,2907
B97,12844,1178432.0,2390840604.0,2029,2903
EX20,6842,689042.0,1426141118.0,2070,2903
TA2,10632,987244.0,2009455684.0,2035,2901
NP10,6243,597047.0,1222946070.0,2048,2899
CB9,12375,1100974.0,2214391545.0,2011,2895
ST20,1355,159588.0,329104796.0,2062,2892
WR15,1588,175567.0,362108702.0,2063,2892
LA2,3662,424313.0,882879961.0,2081,2892
SY4,4750,569427.0,1180871027.0,2074,2891
NG2,15648,1417688.0,2872969521.0,2027,2891
NP18,3080,359436.0,753779623.0,2097,2888
DY6,8662,761441.0,1583030047.0,2079,2887
BD17,3909,374645.0,767440706.0,2048,2887
NP26,5365,539821.0,1132191306.0,2097,2886
CW11,9981,988771.0,2078860144.0,2102,2886
CH1,8687,733313.0,1458611101.0,1989,2885
LS26,5445,513491.0,1060005991.0,2064,2885
CW3,1938,250953.0,521586053.0,2078,2880
PR3,8339,998569.0,2103809298.0,2107,2880
BS5,18575,1537343.0,3165200436.0,2059,2878
BS22,15969,1312904.0,2612095354.0,1990,2872
NR17,7151,706103.0,1458395006.0,2065,2872
CO14,3396,284214.0,578775223.0,2036,2869
BS11,4644,386602.0,799369537.0,2068,2867
L38,470,59732.0,122032893.0,2043,2866
CW8,11160,1121498.0,2337073159.0,2084,2865
B79,7171,669710.0,1391876091.0,2078,2865
PL7,11315,954149.0,1923946603.0,2016,2863
TF10,6031,600639.0,1228824650.0,2046,2862
SK11,14255,1261776.0,2551750290.0,2022,2860
NE2,9439,1000493.0,1884151109.0,1883,2858
HU10,3894,409510.0,855484056.0,2089,2858
SA70,2390,250362.0,508844393.0,2032,2857
M5,7150,482657.0,1007210095.0,2087,2856
IP20,2823,278243.0,566690687.0,2037,2856
NP7,6350,668495.0,1372720315.0,2053,2854
NR34,6271,618923.0,1259515855.0,2035,2851
TQ11,1311,122392.0,242331516.0,1980,2851
NN11,14918,1422800.0,2834824605.0,1992,2851
M25,5522,535187.0,1086494546.0,2030,2849
NR21,5278,525319.0,1065439183.0,2028,2847
SY7,2031,243894.0,491356544.0,2015,2845
LU4,13028,1042622.0,2021208491.0,1939,2844
DL7,4249,422147.0,845760125.0,2003,2843
NN9,5989,572360.0,1163348587.0,2033,2843
HR7,1979,185571.0,368580402.0,1986,2839
NR35,3115,308441.0,627652147.0,2035,2839
LA20,274,33336.0,67371737.0,2021,2839
DE56,12540,1174531.0,2359438391.0,2009,2838
YO22,2503,241973.0,490089779.0,2025,2838
CT8,3340,296576.0,592256810.0,1997,2837
CF61,2634,247892.0,496582271.0,2003,2835
NR6,9104,814324.0,1645381007.0,2021,2834
PO3,7822,664050.0,1315724403.0,1981,2834
IP16,2607,236951.0,484643090.0,2045,2828
B13,9144,906886.0,1773213525.0,1955,2828
PO37,4316,415369.0,812337291.0,1956,2823
YO17,5141,522694.0,1060934153.0,2030,2821
WA3,8058,747756.0,1518637254.0,2031,2820
CV4,9988,955502.0,1899870431.0,1988,2819
CT20,9384,861913.0,1740856646.0,2020,2819
NE3,17988,1854852.0,3621766285.0,1953,2818
TA20,6848,654573.0,1309695288.0,2001,2818
YO13,1997,242393.0,489416402.0,2019,2817
ST9,2077,226265.0,461082944.0,2038,2817
B16,6449,560229.0,1046215348.0,1867,2817
HD9,7825,835815.0,1691260282.0,2023,2816
TA8,8287,753318.0,1467946240.0,1949,2815
PE26,2642,279980.0,572337436.0,2044,2814
NR29,5348,575069.0,1157265210.0,2012,2814
PL17,3043,287124.0,576212507.0,2007,2814
DE12,3898,418433.0,846869893.0,2024,2814
TS15,5081,553775.0,1129311333.0,2039,2812
PO32,3864,313368.0,618918345.0,1975,2811
BB7,11088,1163311.0,2379992730.0,2046,2810
PL32,1181,123793.0,241935708.0,1954,2810
PO4,19617,1753543.0,3358470273.0,1915,2809
CW12,12368,1240631.0,2556662218.0,2061,2808
PO33,12266,1097794.0,2147110988.0,1956,2808
M45,3805,372016.0,733632926.0,1972,2806
CF11,14226,1232009.0,2367593689.0,1922,2805
BL0,3647,349143.0,704025892.0,2016,2804
SA69,1409,149998.0,300331157.0,2002,2804
L16,3695,365509.0,743515570.0,2034,2804
GL15,6718,669982.0,1354114123.0,2021,2800
TA9,3463,344835.0,688083341.0,1995,2799
PR4,12971,1445908.0,2977531663.0,2059,2799
M32,4773,422972.0,839971491.0,1986,2798
TA18,4112,374392.0,743331770.0,1985,2798
S42,5558,552247.0,1133636873.0,2053,2798
PO30,11168,984705.0,1927050982.0,1957,2796
PO36,6313,571636.0,1110057010.0,1942,2795
L18,8169,907115.0,1810868602.0,1996,2794
B30,8918,784753.0,1549934749.0,1975,2793
PO5,10731,943210.0,1765034091.0,1871,2790
DY8,16094,1461537.0,2920859748.0,1998,2790
B28,8496,804516.0,1571577024.0,1953,2789
LL58,818,90081.0,179629895.0,1994,2789
PO12,20173,1655519.0,3176365942.0,1919,2787
GL16,3802,356902.0,709254103.0,1987,2781
ME4,11696,954772.0,1851530691.0,1939,2778
HR4,10120,925853.0,1806853971.0,1952,2777
PE32,3225,403853.0,805682235.0,1995,2777
IP25,4901,512144.0,1036728745.0,2024,2775
L29,121,16319.0,33022420.0,2024,2774
DL6,4236,422672.0,842727187.0,1994,2774
CF3,7316,674040.0,1329471571.0,1972,2773
ST15,8010,786597.0,1542340993.0,1961,2772
PL25,9490,886624.0,1743947972.0,1967,2772
HU14,2534,349848.0,695961374.0,1989,2771
HR2,8153,759306.0,1474187623.0,1941,2771
PL18,1468,150610.0,297091427.0,1973,2767
NN5,16261,1412931.0,2743379380.0,1942,2766
PL15,5390,525391.0,1027843175.0,1956,2764
IP3,12467,1086441.0,2079335324.0,1914,2763
PL12,6074,589225.0,1157994649.0,1965,2762
CT16,6312,559097.0,1116743090.0,1997,2754
TN34,12805,1215986.0,2365446190.0,1945,2753
BD11,2299,215130.0,424082169.0,1971,2752
CV5,18147,1580849.0,3078571762.0,1947,2752
CH61,5045,489770.0,971271355.0,1983,2751
WR1,4868,392237.0,741936310.0,1892,2750
TS16,2095,223390.0,437349834.0,1958,2746
NR28,6628,605818.0,1180323989.0,1948,2745
WF3,6866,615309.0,1230207957.0,1999,2738
LL53,2720,289952.0,571702751.0,1972,2738
S35,6681,612292.0,1188320300.0,1941,2738
IP4,14578,1321952.0,2515889847.0,1903,2732
TN38,11641,1073215.0,2051783858.0,1912,2732
LL43,197,16522.0,32885995.0,1990,2732
NE27,3459,337881.0,668186184.0,1978,2730
SY9,591,64779.0,124260100.0,1918,2728
NE25,9284,880833.0,1712204984.0,1944,2727
LS15,10568,932426.0,1815146961.0,1947,2726
PE37,4632,433632.0,870391156.0,2007,2725
CF5,20278,1875929.0,3623331775.0,1931,2723
PE38,6699,625818.0,1202292131.0,1921,2723
LS27,8492,704913.0,1356745750.0,1925,2719
CA10,2444,285090.0,563629136.0,1977,2718
GL17,2930,308666.0,600286639.0,1945,2718
B62,7217,677886.0,1317851396.0,1944,2717
LA5,4703,469239.0,906560829.0,1932,2717
PL24,2573,230396.0,437599837.0,1899,2715
PL6,13090,1169401.0,2258433589.0,1931,2713
WR4,8960,722688.0,1312706801.0,1816,2713
NE68,975,95175.0,181338858.0,1905,2712
L25,8301,817112.0,1615624863.0,1977,2712
S20,5074,423645.0,812415869.0,1918,2711
HR6,5511,527747.0,1006003613.0,1906,2708
CV3,19016,1655823.0,3181366192.0,1921,2708
LL31,3136,294980.0,579936293.0,1966,2707
HU17,16843,1624878.0,3148968712.0,1938,2707
LE10,18492,1689224.0,3248463585.0,1923,2704
NN15,14039,1354054.0,2632025739.0,1944,2703
WS7,8817,792584.0,1530841380.0,1931,2703
NE46,4992,561861.0,1065003819.0,1895,2702
TQ2,13422,1229319.0,2283393595.0,1857,2702
BA20,4668,430296.0,804064779.0,1869,2701
ME12,9587,875023.0,1675252022.0,1915,2700
NR5,8609,755707.0,1423967775.0,1884,2699
SN1,15998,1375022.0,2566967110.0,1867,2699
CH47,3595,429964.0,825834100.0,1921,2698
CV9,5129,506102.0,973422412.0,1923,2694
LD8,894,95496.0,182650093.0,1913,2692
PL11,3646,324856.0,613848032.0,1890,2690
ME7,17540,1474858.0,2746647890.0,1862,2687
WV9,1611,119222.0,224452050.0,1883,2684
IP26,1667,188959.0,363677971.0,1925,2684
CW9,10515,1033705.0,1939133120.0,1876,2681
NE43,1080,149155.0,281261348.0,1886,2681
TA23,1939,182370.0,343881916.0,1886,2679
WF4,6984,670456.0,1278786700.0,1907,2676
DY13,7126,659419.0,1264921023.0,1918,2675
LL74,784,82409.0,158322671.0,1921,2674
EX34,6087,649547.0,1222539769.0,1882,2673
TQ3,12364,1102923.0,2033073604.0,1843,2672
CF36,5108,550641.0,1069575039.0,1942,2672
CO15,19419,1578761.0,2917447314.0,1848,2670
CF72,5452,534095.0,1012737236.0,1896,2669
BL6,6024,585001.0,1118089675.0,1911,2667
SK13,9706,893401.0,1685403700.0,1887,2666
TF12,1417,132860.0,254282404.0,1914,2663
B43,7447,644511.0,1232296875.0,1912,2662
TR15,6284,517261.0,978934930.0,1893,2661
LL32,2073,197537.0,369942140.0,1873,2660
HX4,2502,256421.0,482576405.0,1882,2660
NE66,5001,526375.0,1005803747.0,1911,2659
SY1,10317,836142.0,1543515263.0,1846,2658
ST10,4592,450062.0,869783074.0,1933,2656
WS5,5371,548176.0,1016887990.0,1855,2656
HU1,1242,71498.0,129880469.0,1817,2653
B77,12519,1063399.0,1991595006.0,1873,2652
CA13,5148,526893.0,1005367145.0,1908,2652
PL14,6905,634370.0,1190290848.0,1876,2650
NG23,4056,564994.0,1069125625.0,1892,2648
ST11,1652,176720.0,339466093.0,1921,2646
YO43,3031,325791.0,618035564.0,1897,2646
TR9,2123,203408.0,375882406.0,1848,2646
NE65,4421,506713.0,972250076.0,1919,2645
LE18,11553,965956.0,1834001974.0,1899,2644
LE1,1971,139616.0,247114430.0,1770,2642
PE10,9934,980477.0,1874526522.0,1912,2641
DL10,4531,472468.0,881234002.0,1865,2640
TQ1,14741,1418057.0,2571281626.0,1813,2640
SY10,2314,282102.0,533862860.0,1892,2639
LS28,12983,1145588.0,2133929204.0,1863,2639
LL59,1480,151895.0,284876371.0,1875,2638
EX32,8019,747971.0,1375194373.0,1839,2636
L39,7004,769938.0,1432140026.0,1860,2636
CT9,16378,1493009.0,2784277971.0,1865,2635
BA21,13850,1157788.0,2117494549.0,1829,2634
SK2,10571,965410.0,1807313854.0,1872,2633
NE61,9421,1022451.0,1936128390.0,1894,2632
CH66,6515,596272.0,1131349349.0,1897,2632
TS22,2949,373068.0,721294994.0,1933,2631
YO21,4817,480860.0,896229727.0,1864,2627
WA5,12111,1090434.0,2022754685.0,1855,2623
SN2,16502,1308393.0,2364531320.0,1807,2621
NE30,9545,930744.0,1730996123.0,1860,2619
NN3,23732,2147977.0,3961243964.0,1844,2618
ST14,7106,695673.0,1320226048.0,1898,2618
LD3,3532,360664.0,673481079.0,1867,2616
TN37,8489,770860.0,1402488554.0,1819,2616
WS6,3385,307606.0,582852564.0,1895,2614
LL62,193,22448.0,41978075.0,1870,2613
PE33,3022,360292.0,671905552.0,1865,2612
BD20,9000,923184.0,1722116998.0,1865,2611
LL12,5604,578297.0,1079349404.0,1866,2609
WS12,8891,760014.0,1416412371.0,1864,2609
HR5,977,98065.0,180719341.0,1843,2607
NG32,2167,313056.0,579114812.0,1850,2606
HU15,7420,788127.0,1453285763.0,1844,2606
DL2,4294,484798.0,932705341.0,1924,2606
CF35,4351,455090.0,862543455.0,1895,2605
NE47,1152,146281.0,270204966.0,1847,2602
WV6,12364,1217324.0,2220525353.0,1824,2602
TS7,4120,443596.0,837575235.0,1888,2600
CH63,7605,749819.0,1404066118.0,1873,2600
FY8,20505,2203145.0,3998519404.0,1815,2599
HU20,138,17530.0,32485267.0,1853,2597
LL28,3210,326707.0,602649258.0,1845,2597
S7,6480,728622.0,1328334430.0,1823,2594
NG33,1793,233466.0,432017934.0,1850,2594
TR14,7250,620495.0,1142467039.0,1841,2594
WS15,10561,1003961.0,1841343432.0,1834,2593
DH1,13392,1352260.0,2431738053.0,1798,2592
SA2,5441,570357.0,1053310026.0,1847,2592
NG15,9399,910908.0,1718188734.0,1886,2591
SY12,2293,233624.0,435756766.0,1865,2589
NE16,4262,403331.0,736326459.0,1826,2589
ST17,12509,1189818.0,2181351235.0,1833,2589
EX38,2870,270645.0,491976617.0,1818,2589
SK17,9469,947167.0,1747337767.0,1845,2588
NE7,5366,501231.0,900877499.0,1797,2587
LA12,6215,626056.0,1165084395.0,1861,2584
LL72,299,30355.0,55670776.0,1834,2584
CT11,12797,1174775.0,2122788324.0,1807,2582
SY15,797,88043.0,164653761.0,1870,2582
S36,5576,548297.0,1011582026.0,1845,2581
CF38,4221,388735.0,711550883.0,1830,2581
CA4,1924,238115.0,445921156.0,1873,2580
NN2,15961,1396918.0,2541999917.0,1820,2580
PL33,640,61280.0,111057783.0,1812,2575
CA11,7863,772679.0,1445026479.0,1870,2574
NR19,8031,716674.0,1291787211.0,1802,2574
DY3,8205,724393.0,1354413595.0,1870,2573
B14,10967,956706.0,1742103724.0,1821,2572
B31,15620,1264457.0,2321180708.0,1836,2570
TF9,6612,731161.0,1335232188.0,1826,2570
NR3,14016,1059482.0,1879371203.0,1774,2569
DT5,5275,464935.0,840861416.0,1809,2567
IP1,14456,1250526.0,2237426833.0,1789,2564
LN10,2511,301747.0,560820228.0,1859,2563
PE34,2522,274563.0,503088673.0,1832,2562
ST7,9889,932780.0,1732260640.0,1857,2561
B38,5442,463012.0,852959441.0,1842,2561
CV11,14764,1385480.0,2547504439.0,1839,2554
DE21,10985,915911.0,1659745470.0,1812,2553
NE36,1844,191560.0,340242563.0,1776,2546
LE13,10997,1005224.0,1831632255.0,1822,2545
M29,4086,364756.0,664675887.0,1822,2545
DY11,9348,875283.0,1582662024.0,1808,2545
B26,10239,821837.0,1475868305.0,1796,2545
LE2,27148,2556253.0,4507686805.0,1763,2544
CT19,9746,933878.0,1682468356.0,1802,2544
YO8,13722,1319064.0,2403866549.0,1822,2543
S45,2571,258235.0,487862348.0,1889,2542
L23,7734,889047.0,1628531821.0,1832,2540
PE2,16575,1450504.0,2564671009.0,1768,2540
SA68,1068,100629.0,185420069.0,1843,2536
LE11,19326,1761002.0,3066030780.0,1741,2535
DY10,12083,1100414.0,1939074124.0,1762,2532
TF2,6462,589986.0,1056516672.0,1791,2532
TS8,4171,389059.0,719879610.0,1850,2531
FY6,9878,1024726.0,1839003036.0,1795,2530
CA5,1113,143801.0,261903517.0,1821,2528
SA62,3108,362496.0,654733463.0,1806,2526
B29,10793,984223.0,1694734214.0,1722,2525
PR5,7389,661083.0,1179695000.0,1784,2522
LS3,587,46989.0,72932764.0,1552,2521
NG10,8747,745121.0,1334180810.0,1791,2521
ST8,3376,303477.0,542864743.0,1789,2521
PL31,5676,513263.0,907760301.0,1769,2520
S3,3847,244534.0,426461928.0,1744,2516
M16,8075,756683.0,1340737491.0,1772,2514
IP27,6520,534196.0,937130098.0,1754,2512
BD16,9873,969288.0,1694115195.0,1748,2511
SY13,5395,585330.0,1054987938.0,1802,2509
M23,8348,672557.0,1197961891.0,1781,2507
DE22,15661,1443785.0,2549464050.0,1766,2505
LE67,19547,1913766.0,3445497197.0,1800,2504
M34,7496,605739.0,1085550068.0,1792,2504
L31,7379,705763.0,1277855981.0,1811,2504
M22,9975,794584.0,1375478713.0,1731,2503
HD7,4377,406680.0,727228996.0,1788,2502
TA6,18642,1569179.0,2760610257.0,1759,2501
IP2,9107,756833.0,1318255398.0,1742,2498
LA17,212,22419.0,41084491.0,1833,2496
S26,4167,396028.0,702026407.0,1773,2495
BL5,5299,488268.0,864020179.0,1770,2494
NN10,15863,1447200.0,2509047298.0,1734,2492
PR26,3683,380979.0,673542907.0,1768,2490
LS7,8539,785725.0,1366357390.0,1739,2485
TF1,7763,704889.0,1228420168.0,1743,2484
CH7,12353,1195657.0,2127650268.0,1779,2484
B98,15440,1345446.0,2329862357.0,1732,2481
LN3,2066,210231.0,373693993.0,1778,2481
BL8,10593,978747.0,1725544044.0,1763,2480
NE19,257,36667.0,63454549.0,1731,2477
CA16,1624,167955.0,293591828.0,1748,2475
OL5,2127,183294.0,321200646.0,1752,2473
HU16,6015,602988.0,1091979527.0,1811,2473
GL14,4711,439397.0,760056148.0,1730,2471
NG4,7883,676360.0,1193627278.0,1765,2470
B63,11016,921107.0,1614730468.0,1753,2470
WF14,6946,651860.0,1157466896.0,1776,2469
CW10,6474,606817.0,1041750058.0,1717,2469
CV21,15341,1346568.0,2327874916.0,1729,2467
NG11,10314,943752.0,1670659805.0,1770,2464
M27,7218,612353.0,1065981013.0,1741,2462
LN4,8149,851124.0,1491919861.0,1753,2461
LL73,59,7924.0,14058950.0,1774,2454
M30,6290,545917.0,947915988.0,1736,2454
B32,7299,604164.0,1038299744.0,1719,2454
CA18,61,6402.0,10954737.0,1711,2453
DA18,518,46268.0,74622078.0,1613,2453
DE11,11105,978548.0,1699571977.0,1737,2451
LL24,379,41535.0,70711793.0,1702,2451
TF4,5571,497101.0,865900558.0,1742,2448
LL15,2149,213833.0,371861843.0,1739,2444
CO12,8466,754056.0,1298306254.0,1722,2444
WS11,12177,1040916.0,1806629715.0,1736,2443
LS10,11490,844955.0,1399750052.0,1657,2442
M44,3071,257674.0,439248114.0,1705,2442
L19,6685,644684.0,1135027955.0,1761,2440
LS14,8951,808536.0,1431483019.0,1770,2440
S40,11887,1057328.0,1836450027.0,1737,2439
YO14,4792,419872.0,727727187.0,1733,2439
TF5,1520,160798.0,267585066.0,1664,2434
CA19,154,20279.0,35008000.0,1726,2434
NE12,10165,878846.0,1506407627.0,1714,2434
WF2,12483,1188867.0,2062362392.0,1735,2433
LL61,1200,123102.0,217157432.0,1764,2433
LN6,18875,1691923.0,2905545037.0,1717,2431
S8,16045,1419264.0,2466445578.0,1738,2428
CH49,8227,717108.0,1246041813.0,1738,2426
LE4,20678,1684143.0,2872750082.0,1706,2425
PR7,17467,1617253.0,2772767444.0,1714,2424
HX7,4290,417169.0,720098498.0,1726,2423
SA46,649,71819.0,122240662.0,1702,2423
NR31,10835,1006721.0,1744148587.0,1733,2423
SK3,11601,954756.0,1616644605.0,1693,2420
OL2,6463,543710.0,934594095.0,1719,2419
PE3,7031,703207.0,1183383793.0,1683,2419
SA67,1628,171843.0,298955893.0,1740,2419
LS6,13368,1335530.0,2109536794.0,1580,2418
L17,7978,785629.0,1327149426.0,1689,2418
NN17,10454,931825.0,1673187820.0,1796,2415
TS21,2709,292554.0,518537772.0,1772,2415
NG16,11084,997554.0,1725253724.0,1729,2414
M31,975,81064.0,146342479.0,1805,2413
SY22,1812,198328.0,345416900.0,1742,2412
DN10,2875,360916.0,620744028.0,1720,2411
NG22,5642,647817.0,1128979381.0,1743,2411
PE4,10989,897240.0,1499369789.0,1671,2411
NE26,7136,839596.0,1444959163.0,1721,2408
BS23,13208,1199740.0,1989798660.0,1659,2407
BD10,9015,781835.0,1328146244.0,1699,2406
B42,7223,566075.0,945640933.0,1671,2406
CH5,6256,581939.0,990578050.0,1702,2405
WS8,3355,281696.0,484015678.0,1718,2405
PL1,7755,708250.0,1194128437.0,1686,2401
NP44,7761,705022.0,1223758941.0,1736,2399
B36,7942,726012.0,1219053142.0,1679,2397
NE70,543,55326.0,94739812.0,1712,2397
LS5,3272,261585.0,428812049.0,1639,2394
S21,3126,297853.0,501553349.0,1684,2391
CV12,9410,790339.0,1336103729.0,1691,2391
PR2,13577,1281977.0,2149625291.0,1677,2390
S75,9891,933578.0,1595418929.0,1709,2386
ME11,1163,92240.0,154206722.0,1672,2385
SY23,4494,472191.0,793474969.0,1680,2382
CV10,18024,1543397.0,2639161022.0,1710,2382
ST16,12800,1111830.0,1878188311.0,1689,2382
DN9,4233,498552.0,853458169.0,1712,2382
PE15,11619,1088140.0,1821738904.0,1674,2381
S66,7571,694953.0,1166608472.0,1679,2380
IP24,9791,874170.0,1431733861.0,1638,2380
CF62,13518,1315389.0,2245887362.0,1707,2379
LN2,13478,1251693.0,2105450738.0,1682,2379
SA45,489,57177.0,96659918.0,1691,2379
LL30,6837,677006.0,1131416622.0,1671,2378
NG8,16722,1482979.0,2504313155.0,1689,2377
NN8,19419,1727648.0,2936590804.0,1700,2377
WS4,4101,389905.0,656892372.0,1685,2376
PR6,9147,890908.0,1490233335.0,1673,2373
DN36,4683,533411.0,917561321.0,1720,2371
S41,11060,976365.0,1665061686.0,1705,2370
LL76,65,7317.0,12341098.0,1687,2366
SY11,8131,751889.0,1247985861.0,1660,2364
WV4,7767,737801.0,1233083760.0,1671,2362
LL20,1799,187654.0,318074319.0,1695,2360
PE16,5496,491865.0,810516202.0,1648,2360
B24,7833,682553.0,1115910937.0,1635,2357
B27,6030,500114.0,799333830.0,1598,2356
WF5,7379,640277.0,1055197071.0,1648,2353
CT17,7434,617089.0,1010997852.0,1638,2344
DL12,3448,364882.0,613771935.0,1682,2342
B18,3085,232496.0,356588823.0,1534,2341
HD3,10625,933385.0,1544092858.0,1654,2340
PO2,16295,1442519.0,2283684527.0,1583,2339
LL51,94,8521.0,14708339.0,1726,2337
WF1,11574,1052336.0,1772044336.0,1684,2336
DN3,5421,490499.0,813718534.0,1659,2335
LL22,5703,520190.0,859265222.0,1652,2335
TD12,197,21250.0,35343433.0,1663,2335
BD19,6241,560248.0,932347561.0,1664,2335
BD15,2808,255460.0,417467734.0,1634,2334
LL78,124,14756.0,24911593.0,1688,2333
WA1,6142,503863.0,823004451.0,1633,2332
NR33,12899,1146122.0,1886251081.0,1646,2332
S6,20769,1796319.0,2958121711.0,1647,2331
YO25,11419,1144611.0,1911344512.0,1670,2329
LL17,1548,168382.0,286402825.0,1701,2328
WN6,9611,889446.0,1484473030.0,1669,2328
DN11,5503,514131.0,870308153.0,1693,2327
DY5,10927,838972.0,1363439612.0,1625,2327
B64,4751,389661.0,635468408.0,1631,2324
DN41,1303,141147.0,236452576.0,1675,2323
CF31,12768,1182066.0,1957861100.0,1656,2322
M35,3233,262111.0,428853675.0,1636,2321
CF83,13703,1201027.0,1972612148.0,1642,2320
LL56,1109,103676.0,169188577.0,1632,2318
LL11,7896,703705.0,1155191794.0,1642,2316
M43,3442,273423.0,453955479.0,1660,2316
SY17,672,72588.0,120469373.0,1660,2316
WF8,10936,1010698.0,1693573687.0,1676,2312
SK15,8031,721330.0,1160170089.0,1608,2311
LN1,10662,1040799.0,1662100769.0,1597,2311
M26,6168,514263.0,828871151.0,1612,2310
PE12,9077,981205.0,1613818653.0,1645,2308
S60,8896,871176.0,1427663368.0,1639,2305
TS17,8713,846650.0,1362862647.0,1610,2305
CA17,1108,129271.0,216444963.0,1674,2304
LL44,303,30918.0,50903100.0,1646,2302
NG34,13899,1356529.0,2178476681.0,1606,2302
SR6,9868,970772.0,1586673315.0,1634,2302
LS8,15115,1541605.0,2455648308.0,1593,2301
LE5,18613,1767792.0,2819305667.0,1595,2301
BD13,5366,513672.0,839164636.0,1634,2300
S43,6817,599178.0,990555366.0,1653,2298
LS4,4323,370854.0,554675925.0,1496,2298
B69,5859,457914.0,732953990.0,1601,2296
NG3,15944,1451289.0,2336170920.0,1610,2295
NN18,12611,1140986.0,1846508714.0,1618,2294
NG5,22829,1945389.0,3118595279.0,1603,2293
SA32,763,106494.0,175883300.0,1652,2291
PL3,12121,1274305.0,2042535499.0,1603,2290
PR25,11920,1076627.0,1771324399.0,1645,2289
LL52,610,74580.0,120999795.0,1622,2288
B37,7792,660592.0,1056051919.0,1599,2285
PE14,5097,603562.0,987599213.0,1636,2284
SY21,2742,272729.0,438668775.0,1608,2283
NG24,16839,1558933.0,2514182992.0,1613,2282
WV3,8096,780928.0,1243895845.0,1593,2282
LL63,193,19522.0,32259285.0,1652,2282
DE15,7100,699806.0,1136214955.0,1624,2279
M24,7337,611462.0,998120875.0,1632,2278
LL46,843,74466.0,120045855.0,1612,2276
PE30,13821,1154357.0,1843008082.0,1597,2276
SK5,9287,707979.0,1150744158.0,1625,2275
DE5,6654,592720.0,979752633.0,1653,2272
WV11,7187,616291.0,1018609514.0,1653,2272
LL60,614,52926.0,85834767.0,1622,2271
SK14,15048,1298744.0,2115902271.0,1629,2269
CF24,17152,1560649.0,2368028212.0,1517,2269
L35,4439,392911.0,637188422.0,1622,2266
NE48,621,74039.0,118607006.0,1602,2265
LD7,1084,115502.0,184347876.0,1596,2265
LL49,1084,101306.0,163770177.0,1617,2264
SY24,1184,123892.0,198945406.0,1606,2262
CA6,1501,173203.0,277544051.0,1602,2260
TS14,6438,604192.0,967449313.0,1601,2259
WV12,6446,530527.0,850163315.0,1602,2257
WA8,18054,1633647.0,2594661720.0,1588,2257
SA37,192,23663.0,39600029.0,1673,2254
LA1,20597,1783729.0,2788296774.0,1563,2254
GL1,14552,1224627.0,1911287499.0,1561,2254
WF7,3864,373598.0,601112251.0,1609,2251
HU13,6531,642254.0,1036248541.0,1613,2250
S44,4112,384660.0,648649987.0,1686,2247
L34,3801,361903.0,593718037.0,1641,2246
PL5,12710,1007063.0,1579293873.0,1568,2246
CA27,632,72143.0,113614479.0,1575,2245
LL75,402,39886.0,62521233.0,1567,2244
NN1,14396,1308232.0,1935520949.0,1479,2243
ST13,8904,803014.0,1277606332.0,1591,2243
LE3,27595,2418646.0,3711994603.0,1535,2242
LN9,4195,422348.0,685843078.0,1624,2238
CH62,8700,759284.0,1204154299.0,1586,2236
HD6,9618,832008.0,1301610620.0,1564,2233
OL15,5461,492152.0,776804924.0,1578,2227
B12,2544,210673.0,327579514.0,1555,2227
CV6,27000,2148842.0,3348974445.0,1559,2227
CA8,2391,272149.0,432129479.0,1588,2224
SA34,795,87969.0,138000648.0,1569,2223
DE55,10763,989643.0,1597879669.0,1615,2223
PE11,16275,1591643.0,2461966059.0,1547,2222
LL67,507,53318.0,84298060.0,1581,2222
SA63,183,21855.0,35068494.0,1605,2222
PE23,2737,293179.0,459142315.0,1566,2219
NG21,4686,448959.0,724307247.0,1613,2218
HU11,2352,252752.0,397495147.0,1573,2218
DH3,6516,612564.0,954896777.0,1559,2218
B34,4991,414961.0,638203518.0,1538,2217
LN8,5238,577746.0,913219431.0,1581,2217
NE39,2003,211332.0,328677047.0,1555,2216
WF15,5405,464385.0,728089973.0,1568,2216
WA12,8606,739149.0,1172380942.0,1586,2216
SA66,367,43196.0,68337096.0,1582,2215
SK1,4680,338327.0,526391651.0,1556,2214
NR32,14404,1318665.0,2059323943.0,1562,2211
CA3,5624,538551.0,859418804.0,1596,2209
B65,6030,484330.0,762237298.0,1574,2209
S25,3654,339681.0,531060120.0,1563,2209
B71,6729,562197.0,888390981.0,1580,2209
NE9,9853,902751.0,1408761546.0,1561,2209
L12,8176,741373.0,1137985133.0,1535,2206
LL16,3277,309438.0,484365298.0,1565,2204
SA4,7321,728036.0,1142861715.0,1570,2203
NE23,11134,933498.0,1442755225.0,1546,2201
SA19,1576,184873.0,289376736.0,1565,2201
B68,7960,689458.0,1070263268.0,1552,2200
LL13,7338,666578.0,1015394370.0,1523,2197
L26,3668,341386.0,521085401.0,1526,2196
CV2,19322,1551789.0,2368045917.0,1526,2192
LL70,36,5350.0,8366499.0,1564,2192
NE40,4893,441774.0,695092675.0,1573,2191
PE24,2941,286149.0,442490314.0,1546,2191
CA21,236,27576.0,43589948.0,1581,2189
PR8,19689,2259413.0,3490035369.0,1545,2189
LN7,1344,168739.0,264703133.0,1569,2189
CW7,11312,1045090.0,1615586221.0,1546,2188
SA33,1698,208863.0,328667924.0,1574,2188
SA71,2699,276508.0,433582293.0,1568,2188
DE24,12010,969211.0,1499885201.0,1548,2187
CW2,13224,1257566.0,1921383986.0,1528,2187
DY1,7730,656078.0,998329101.0,1522,2186
LD2,1136,123480.0,191646251.0,1552,2183
LL26,884,83762.0,129603424.0,1547,2181
LL45,159,18415.0,28776353.0,1563,2177
S12,9083,718154.0,1117359540.0,1556,2174
WS3,11321,967224.0,1514544494.0,1566,2172
BB6,2992,323730.0,493491036.0,1524,2168
SA43,2816,311873.0,482403042.0,1547,2167
BD22,7237,678935.0,1036445980.0,1527,2166
BD14,1435,134947.0,206861788.0,1533,2164
LL33,1061,104107.0,161252774.0,1549,2163
TS11,1638,149997.0,228695771.0,1525,2162
LL14,4379,393148.0,602037504.0,1531,2162
WN4,3685,327674.0,500541513.0,1528,2161
M46,4035,341618.0,520144482.0,1523,2160
ST5,23752,2141270.0,3306469026.0,1544,2160
SK16,5716,455450.0,688778201.0,1512,2159
SA44,1770,203138.0,311225504.0,1532,2159
SY25,604,64347.0,98873044.0,1537,2158
SA35,95,10735.0,16405664.0,1528,2156
LD4,133,14753.0,23094300.0,1565,2155
PE20,3595,414202.0,638127677.0,1541,2155
S81,11400,1115309.0,1719435987.0,1542,2154
LN11,10466,1087865.0,1680979678.0,1545,2151
PR9,16024,1604506.0,2410651731.0,1502,2150
DL9,2804,230232.0,339148205.0,1473,2148
WA2,8834,719440.0,1067978300.0,1484,2145
SA7,2441,226121.0,336988429.0,1490,2145
CH8,3530,357170.0,547611032.0,1533,2145
CH43,11458,1215681.0,1835120441.0,1510,2143
SA38,759,89977.0,136477765.0,1517,2142
B44,9566,735099.0,1101981404.0,1499,2141
BD12,2782,236328.0,356893239.0,1510,2141
YO16,11088,910709.0,1355456066.0,1488,2140
LS13,12133,962403.0,1431681675.0,1488,2138
NE42,3666,351362.0,513291440.0,1461,2138
HU12,4952,503204.0,759537386.0,1509,2136
DN22,11731,1233821.0,1894064076.0,1535,2136
LA19,115,12921.0,19210200.0,1487,2135
DY4,10919,830475.0,1213315757.0,1461,2133
LL57,5426,511151.0,757129999.0,1481,2133
NG31,17669,1644129.0,2453412075.0,1492,2132
DN20,4516,479031.0,732770859.0,1530,2130
LN12,5513,462536.0,692438230.0,1497,2130
SA41,275,30853.0,47145360.0,1528,2129
LL27,244,27997.0,43814419.0,1565,2129
WA7,12646,1112919.0,1675272345.0,1505,2128
LL47,168,14466.0,22036495.0,1523,2128
CF82,3469,315089.0,472600933.0,1500,2127
DE1,4837,407544.0,585475714.0,1437,2124
LL37,231,26353.0,39721249.0,1507,2123
LL66,48,6560.0,9665900.0,1473,2122
LL36,1464,137080.0,206232865.0,1504,2122
LN13,2506,256933.0,385251552.0,1499,2121
NE38,8495,794533.0,1173845891.0,1477,2120
SA48,1388,154628.0,230708860.0,1492,2119
M19,10972,974964.0,1443194080.0,1480,2115
LL19,8432,734074.0,1081516998.0,1473,2114
FY5,21137,1847998.0,2725284728.0,1475,2114
DE7,16542,1414783.0,2115118867.0,1495,2113
B23,12299,987114.0,1414370622.0,1433,2111
HX3,15555,1461566.0,2147210516.0,1469,2110
HX6,6801,649699.0,955173409.0,1470,2109
LN5,12037,1057401.0,1536673911.0,1453,2106
NE71,801,85141.0,132291376.0,1554,2106
SY19,153,17936.0,27328245.0,1524,2106
CH46,6850,591480.0,884320574.0,1495,2104
SY20,1052,104983.0,157900927.0,1504,2103
HU7,9674,822176.0,1234394488.0,1501,2101
NP20,14070,1357034.0,2024474120.0,1492,2099
NG7,15565,1413752.0,1910862417.0,1352,2097
TD15,3841,393594.0,583384152.0,1482,2095
WV10,11815,994430.0,1501629083.0,1510,2095
LL40,953,94098.0,139877709.0,1487,2088
NE31,6704,558847.0,856643892.0,1533,2086
DH2,7322,641661.0,914105229.0,1425,2086
NE21,5775,502039.0,748606000.0,1491,2085
SA8,1849,185029.0,276168752.0,1493,2082
WA11,6570,576519.0,850204295.0,1475,2080
CW1,14998,1266488.0,1859295458.0,1468,2078
LL25,142,13772.0,20688305.0,1502,2078
PE22,4003,473783.0,702851849.0,1483,2076
SA65,1158,121490.0,180514632.0,1486,2073
DN37,4853,510519.0,746841928.0,1463,2072
BD1,1544,101406.0,134207250.0,1323,2072
B33,7579,602783.0,862159809.0,1430,2069
LL21,742,82461.0,122735602.0,1488,2068
WN3,7697,636618.0,926973835.0,1456,2068
WF6,7218,632829.0,913312054.0,1443,2068
SY18,904,83167.0,124093276.0,1492,2066
HD5,8792,741568.0,1072674624.0,1446,2066
CF32,5098,500818.0,738010053.0,1474,2064
WF10,15827,1381238.0,2062137722.0,1493,2061
NN16,13573,1172512.0,1634163304.0,1394,2061
LA13,6818,632986.0,936780186.0,1480,2061
B25,3762,313066.0,434534855.0,1388,2057
PE13,12198,1205936.0,1726643816.0,1432,2057
YO11,8251,761591.0,1097836107.0,1442,2055
HD4,8592,736680.0,1057161865.0,1435,2052
BB4,11096,1119754.0,1638341368.0,1463,2049
LS12,14518,1150435.0,1613155489.0,1402,2048
BL1,21444,1958056.0,2770101707.0,1415,2040
NE35,1794,152558.0,214191178.0,1404,2039
NE5,13253,1083702.0,1562739866.0,1442,2037
S13,7436,615263.0,893899938.0,1453,2036
LL54,1453,131107.0,190028167.0,1449,2033
PE1,15895,1368396.0,1839412324.0,1344,2033
SY16,3314,312025.0,449636351.0,1441,2032
WN2,8409,739787.0,1069496250.0,1446,2032
LL77,1240,129073.0,187592069.0,1453,2031
LL34,1265,123432.0,179555311.0,1455,2030
NE11,4819,399834.0,562423202.0,1407,2030
LD1,2429,260339.0,376727921.0,1447,2027
WV14,10096,829775.0,1185718860.0,1429,2026
WV13,5489,440080.0,613897273.0,1395,2024
DN7,3478,337745.0,496869989.0,1471,2024
SA47,250,28605.0,40322466.0,1410,2023
NG19,12283,1082749.0,1556943868.0,1438,2021
HX5,3619,322950.0,454996907.0,1409,2020
B35,1397,111048.0,160705637.0,1447,2020
M7,7269,736969.0,1033018203.0,1402,2018
LL29,5589,567184.0,800557426.0,1411,2018
NP19,18007,1595373.0,2328282775.0,1459,2017
PL2,11505,1059743.0,1506078707.0,1421,2016
BL2,12735,1099236.0,1574939815.0,1433,2015
NG18,16140,1536914.0,2191421635.0,1426,2015
WN5,8837,772645.0,1096832100.0,1420,2014
OL11,12305,1137654.0,1619807988.0,1424,2014
L14,6215,512578.0,740392262.0,1444,2013
TS12,5044,502306.0,715161807.0,1424,2013
DE14,11665,963546.0,1375764976.0,1428,2012
NE15,9115,777080.0,1120153680.0,1441,2010
L22,3240,339875.0,480704686.0,1414,2010
CF33,2047,185782.0,263854123.0,1420,2009
SA31,4688,456858.0,649844619.0,1422,2008
CH6,4322,376393.0,536904848.0,1426,2008
NE29,12930,1085730.0,1517962863.0,1398,2008
LD6,562,58398.0,84045589.0,1439,2005
WF11,4422,379062.0,556064561.0,1467,2004
M6,9975,856990.0,1238675659.0,1445,2003
NP12,5768,539793.0,763161452.0,1414,2002
WS10,9338,769806.0,1082405117.0,1406,2001
HD2,8082,794363.0,1098734820.0,1383,2000
OL12,12439,1090640.0,1515444445.0,1390,2000
DN14,13392,1358735.0,1924526037.0,1416,1994
OL6,8714,712403.0,992072786.0,1393,1993
DE75,6264,549467.0,767394289.0,1397,1990
HX2,11127,980525.0,1372057887.0,1399,1989
M14,11918,1059968.0,1370103097.0,1293,1989
LL55,3906,385200.0,546299048.0,1418,1988
B67,8458,757321.0,1019432826.0,1346,1987
WF12,8385,779885.0,1095864638.0,1405,1987
SR3,9060,836876.0,1194543055.0,1427,1985
LL39,55,6866.0,9959675.0,1451,1984
SA10,6610,635349.0,892008681.0,1404,1982
BL9,16070,1424625.0,1973781689.0,1385,1982
B70,5277,448777.0,624004543.0,1390,1982
CV1,7729,606858.0,768810817.0,1267,1978
CH65,7155,600443.0,834820318.0,1390,1978
LL42,684,80022.0,114332993.0,1429,1977
NE34,11500,1010781.0,1411674935.0,1397,1976
WN1,5786,549088.0,759304173.0,1383,1973
B20,5206,557937.0,745814278.0,1337,1970
LA3,6453,587361.0,799906090.0,1362,1970
LL69,202,20879.0,29340910.0,1405,1970
CA7,4719,512755.0,716964758.0,1398,1969
BD18,9596,919465.0,1250974301.0,1361,1969
WF9,6111,542690.0,756083266.0,1393,1968
NP4,7148,694501.0,973715499.0,1402,1968
SA61,4128,402981.0,564792095.0,1402,1968
L36,8760,767584.0,1089704536.0,1420,1967
PE25,7300,665968.0,905699779.0,1360,1965
TF3,7477,650142.0,885091146.0,1361,1962
LL23,636,61711.0,86475435.0,1401,1962
WA9,13246,1107509.0,1526939238.0,1379,1962
DH7,6661,643888.0,885830567.0,1376,1961
SA39,427,47842.0,67119548.0,1403,1961
DH4,9216,888873.0,1228601691.0,1382,1957
WA10,11499,957257.0,1298679589.0,1357,1955
HU18,4243,439024.0,608227482.0,1385,1952
YO12,15703,1504584.0,2031940415.0,1350,1951
S73,4429,379119.0,518988131.0,1369,1949
CA20,1059,116616.0,161586741.0,1386,1945
DN5,9975,905035.0,1243838883.0,1374,1945
OL9,6343,533780.0,721127260.0,1351,1943
DN19,2094,235571.0,324380829.0,1377,1943
DL3,18433,1760441.0,2330930688.0,1324,1942
NE6,14666,1243279.0,1630895243.0,1312,1941
OL16,8187,729957.0,985145247.0,1350,1933
DE23,14092,1367122.0,1814533793.0,1327,1933
S72,4057,362660.0,491091629.0,1354,1932
CF63,8509,765321.0,1018192199.0,1330,1932
S71,11412,950793.0,1308018439.0,1376,1932
DN18,5155,496715.0,684427176.0,1378,1931
WF17,9255,799761.0,1078343868.0,1348,1929
OL10,9099,770453.0,1053685854.0,1368,1929
DN38,844,96628.0,130825554.0,1354,1928
DN33,5821,545983.0,753284726.0,1380,1927
S74,2519,223940.0,305836591.0,1366,1925
WN8,10207,963328.0,1307338978.0,1357,1925
L10,3758,314014.0,425799182.0,1356,1925
DN8,2643,240082.0,335445593.0,1397,1925
LL48,502,44938.0,61788048.0,1375,1919
DN39,855,103481.0,144396348.0,1395,1918
LA16,1390,141945.0,193826837.0,1366,1917
ST3,19504,1597873.0,2163107442.0,1354,1916
LL71,348,37117.0,51270594.0,1381,1914
LD5,241,33692.0,47247705.0,1402,1913
DY2,7904,655936.0,876873040.0,1337,1910
LL38,354,29613.0,39752491.0,1342,1908
SA6,4133,367894.0,495394952.0,1347,1908
WS1,6212,585931.0,747724432.0,1276,1907
NG17,18673,1657890.0,2226016437.0,1343,1906
BD6,10704,861419.0,1112910874.0,1292,1906
SA20,638,73122.0,99855304.0,1366,1902
LL68,1224,122729.0,167986139.0,1369,1899
DN4,18689,1776922.0,2356512190.0,1326,1897
NE10,7554,596006.0,783603055.0,1315,1896
S2,9830,803015.0,1079815131.0,1345,1895
WF16,3994,327017.0,421609491.0,1289,1894
L8,6688,486979.0,654196876.0,1343,1893
NE28,16191,1265302.0,1667647624.0,1318,1893
SR1,1070,82947.0,98613423.0,1189,1889
PE21,15616,1434617.0,1862321160.0,1298,1883
PL4,13121,1325126.0,1660073410.0,1253,1881
NE22,6257,557731.0,720252905.0,1291,1879
DN6,4721,462356.0,612908313.0,1326,1878
TD9,38,4244.0,5678295.0,1338,1875
M13,3683,347302.0,440831988.0,1269,1873
TS5,13675,1286647.0,1680947122.0,1306,1873
LL65,5036,500769.0,673487605.0,1345,1872
NP11,5027,446811.0,600118758.0,1343,1872
NR30,9144,807349.0,1042556118.0,1291,1868
B66,4882,428367.0,533807392.0,1246,1867
S62,2591,232971.0,304743570.0,1308,1867
TS27,3086,292876.0,382302533.0,1305,1866
TS13,1759,159081.0,205427942.0,1291,1865
LA4,10359,928173.0,1209112355.0,1303,1864
ST2,7253,594222.0,796022526.0,1340,1861
SA1,11227,991642.0,1247148118.0,1258,1860
WN7,17823,1463964.0,1940574002.0,1326,1860
SA14,6862,690062.0,921940422.0,1336,1857
LL18,12180,1107003.0,1433678827.0,1295,1856
NG6,11651,913599.0,1169526008.0,1280,1856
S63,7220,637044.0,826299309.0,1297,1851
NE8,12569,1017882.0,1246818361.0,1225,1851
L24,2961,256120.0,341614256.0,1334,1851
BB12,11715,1025014.0,1327137173.0,1295,1845
B11,6990,644577.0,787564350.0,1222,1840
S80,8643,791521.0,1017577412.0,1286,1839
CA9,490,60922.0,78683464.0,1292,1836
BB18,6125,568451.0,738756131.0,1300,1836
SA36,81,9173.0,11530050.0,1257,1834
DH5,4377,414735.0,539609796.0,1301,1832
SA73,4287,446418.0,582307480.0,1304,1830
ST4,22262,1854981.0,2348954261.0,1266,1828
DL13,2121,235308.0,301452085.0,1281,1827
BD2,11247,955934.0,1222091822.0,1278,1826
OL7,5041,407723.0,509629351.0,1250,1826
NG20,4412,391349.0,518872280.0,1326,1825
L15,9559,874430.0,1082984409.0,1239,1822
WV1,2756,223441.0,271148910.0,1214,1819
DH6,5908,536607.0,690339263.0,1286,1819
TS10,12709,1169073.0,1472131050.0,1259,1813
HU4,7360,609330.0,773400355.0,1269,1809
TS20,6912,597478.0,754357584.0,1263,1808
DH8,12600,1185410.0,1498034165.0,1264,1805
DL5,8714,786760.0,989333790.0,1257,1803
CA28,8277,781821.0,1022251532.0,1308,1803
DN17,8611,840996.0,1074396999.0,1278,1796
L33,3980,325878.0,397191336.0,1219,1793
BL4,4534,372383.0,463374007.0,1244,1789
SA40,527,60291.0,76885948.0,1275,1789
SA17,2068,224709.0,291653451.0,1298,1786
SA16,2281,228619.0,289520715.0,1266,1783
NE49,1184,117988.0,145791252.0,1236,1782
LA15,3298,285333.0,364585860.0,1278,1782
OL14,5523,556698.0,712021844.0,1279,1782
WV2,3966,329798.0,416478207.0,1263,1780
SA64,612,64846.0,83015199.0,1280,1774
PR1,18110,1507638.0,1800742217.0,1194,1769
LS9,12059,907443.0,1072184486.0,1182,1767
OL4,11262,1004625.0,1226073813.0,1220,1766
CA2,15400,1309129.0,1640188915.0,1253,1765
FY2,8117,770600.0,911415249.0,1183,1757
NE24,13384,1158562.0,1428726973.0,1233,1755
DN16,10445,906096.0,1124824733.0,1241,1751
DL16,7314,667450.0,831059989.0,1245,1747
TS19,10431,907002.0,1104599005.0,1218,1747
WS2,8306,677856.0,812901073.0,1199,1746
S61,7588,625702.0,768867492.0,1229,1745
M40,10404,845378.0,1054743938.0,1248,1745
M11,6231,488069.0,580451059.0,1189,1744
CH45,10723,1183281.0,1457098912.0,1231,1742
CA1,10060,912278.0,1106669338.0,1213,1742
SA5,3758,338357.0,410182017.0,1212,1736
FY3,12313,1105617.0,1294833832.0,1171,1736
FY4,17196,1571362.0,1884148794.0,1199,1736
CF46,2976,274999.0,339654632.0,1235,1730
B9,4255,360830.0,399857754.0,1108,1719
NE62,2666,220541.0,268569470.0,1218,1718
DN2,7015,666795.0,816326948.0,1224,1716
TF7,3522,303368.0,353427053.0,1165,1715
SA18,5931,620750.0,759193512.0,1223,1714
L30,3709,308501.0,373640051.0,1211,1714
NE32,5160,452561.0,542497217.0,1199,1709
DN12,3432,298902.0,359611244.0,1203,1709
DL1,16061,1352175.0,1579185995.0,1168,1707
SA9,2093,203288.0,248073027.0,1220,1703
SR7,8211,734044.0,861667722.0,1174,1702
YO15,5530,625973.0,740255451.0,1183,1696
S64,7527,648502.0,773668811.0,1193,1696
CA26,1089,105114.0,129437038.0,1231,1693
CF48,4172,387765.0,465910991.0,1202,1690
HU2,620,45187.0,50033425.0,1107,1690
OL1,5273,417478.0,478136004.0,1145,1687
TS18,8877,877515.0,1040689671.0,1186,1687
DN40,3485,305123.0,370024023.0,1213,1686
BL3,15586,1315984.0,1512113196.0,1149,1684
BB2,19933,1915759.0,2257521310.0,1178,1683
WF13,6455,556893.0,617357783.0,1109,1683
NE17,936,80724.0,92787865.0,1149,1683
CA14,8896,857026.0,1033950563.0,1206,1680
DN21,12573,1226764.0,1453566525.0,1185,1680
L32,3828,335215.0,387390378.0,1156,1679
S70,11528,980954.0,1146936010.0,1169,1678
CF37,9680,844579.0,1001015567.0,1185,1677
L27,1079,90059.0,109471858.0,1216,1677
TS26,11411,1233413.0,1434784975.0,1163,1673
TS28,1768,165995.0,196559526.0,1184,1664
S5,11159,890094.0,1048040641.0,1177,1660
S65,6464,555339.0,641089484.0,1154,1656
CA22,2222,207513.0,240853524.0,1161,1656
SA72,2567,279999.0,324826483.0,1160,1656
BB8,8862,829993.0,969555938.0,1168,1655
TS4,4497,391929.0,460496521.0,1175,1655
SR2,10379,1079078.0,1212440163.0,1124,1651
DN34,7188,597903.0,678310738.0,1134,1650
DN35,13978,1286079.0,1463581650.0,1138,1649
OL13,5776,526985.0,616417795.0,1170,1649
B7,460,37943.0,43036026.0,1134,1648
TS23,8814,746837.0,838441203.0,1123,1646
NE37,5647,461271.0,516636304.0,1120,1642
HU8,10516,882910.0,1013905986.0,1148,1639
DN15,9393,852145.0,969276222.0,1137,1637
HU6,7181,582973.0,663336882.0,1138,1636
B8,6696,610989.0,648833969.0,1062,1635
TS6,6569,562661.0,642056192.0,1141,1622
NE33,9493,843483.0,919515822.0,1090,1620
ST6,21759,1744802.0,1958447901.0,1122,1620
DL15,5563,528252.0,590324167.0,1118,1619
FY7,8893,799148.0,877894494.0,1099,1609
SR4,12370,1076361.0,1180577827.0,1097,1609
L21,5065,436702.0,490951700.0,1124,1608
SA12,7107,645621.0,735767453.0,1140,1604
L11,4513,382790.0,430529238.0,1125,1601
M8,7389,653362.0,691412566.0,1058,1599
BB1,15264,1438249.0,1594116546.0,1108,1598
HU5,17755,1468128.0,1609920549.0,1097,1597
M9,12101,967356.0,1041671877.0,1077,1583
B10,3505,334240.0,339997906.0,1017,1579
TS25,11549,1008816.0,1106673702.0,1097,1574
SA15,10518,1038433.0,1152781500.0,1110,1573
CA25,1764,170100.0,194419621.0,1143,1569
BD4,9543,803817.0,855629249.0,1064,1568
M12,4079,310156.0,329567387.0,1063,1560
NE4,7360,723988.0,746033210.0,1030,1551
BB3,13829,1257720.0,1362332643.0,1083,1549
B21,4413,407272.0,415496393.0,1020,1547
NE63,10017,884807.0,939155112.0,1061,1541
CF44,9848,894261.0,994709025.0,1112,1541
LA14,13833,1173981.0,1278020380.0,1089,1541
L9,8440,769692.0,802791986.0,1043,1539
HD1,5033,477859.0,488748544.0,1023,1534
M38,1383,109324.0,118073151.0,1080,1533
CF39,5549,500231.0,545613564.0,1091,1529
SR5,7025,575766.0,602237696.0,1046,1527
S9,6762,531405.0,555400118.0,1045,1526
HU9,11705,915065.0,949905707.0,1038,1525
DL14,10117,944176.0,990984098.0,1050,1521
B19,1635,156131.0,161447309.0,1034,1520
SA11,8152,755349.0,806492353.0,1068,1514
ST1,11610,902727.0,938537129.0,1040,1509
LS11,12124,968893.0,963738091.0,995,1508
NP23,5577,517463.0,563545879.0,1089,1498
L5,2623,206302.0,217756083.0,1056,1495
CH42,10429,996012.0,1024039134.0,1028,1489
L7,4302,358691.0,363809240.0,1014,1486
M18,7467,588163.0,604065678.0,1027,1484
CF47,4780,433827.0,458198560.0,1056,1483
CA15,3859,401006.0,419135958.0,1045,1479
S14,1321,102285.0,107351108.0,1050,1469
L28,649,52538.0,55087290.0,1049,1460
LL41,1419,120052.0,124802266.0,1040,1442
B6,2197,198333.0,185160133.0,934,1438
SA13,4601,451906.0,456476785.0,1010,1437
CF81,2803,252581.0,260562079.0,1032,1430
NP22,3708,342061.0,354370651.0,1036,1424
BB5,18450,1654796.0,1618696800.0,978,1423
L13,8667,754603.0,730557341.0,968,1423
HU19,2795,264637.0,262748764.0,993,1422
BB10,14860,1303968.0,1278662708.0,981,1414
DH9,10420,915033.0,890319887.0,973,1411
LA18,2512,242728.0,240152160.0,989,1410
CA23,563,53534.0,53146058.0,993,1408
CF34,4755,440708.0,431124485.0,978,1387
OL8,10819,959098.0,889072920.0,927,1375
BD9,7078,832689.0,729766698.0,876,1359
TS24,6084,528589.0,493605603.0,934,1352
SR8,10132,860161.0,794935354.0,924,1351
TS29,1122,103746.0,96722161.0,932,1348
NE64,1891,169769.0,161613805.0,952,1346
CH41,5970,486157.0,442294091.0,910,1336
CH44,9618,932027.0,847112259.0,909,1310
L6,6819,579046.0,507201460.0,876,1291
BD7,9149,851399.0,712239416.0,837,1274
L20,8013,701756.0,621481872.0,886,1273
DL17,5514,480660.0,415736090.0,865,1258
CF45,4492,383553.0,341366004.0,890,1243
HX1,8887,865810.0,688754468.0,796,1224
BD21,8087,763164.0,621224669.0,814,1215
BB9,15117,1336945.0,1094004833.0,818,1212
CA24,383,38397.0,32439380.0,845,1210
DL4,3902,335492.0,275532368.0,821,1204
CF41,2099,184249.0,156314520.0,848,1202
CF40,5348,462213.0,395199249.0,855,1200
FY1,13523,1310652.0,1007471642.0,769,1197
NP13,4085,362696.0,305589768.0,843,1194
DN32,11038,1074110.0,851285112.0,793,1181
BB11,11309,955061.0,771733490.0,808,1181
TS3,6244,480702.0,384461067.0,800,1181
CF42,3341,293888.0,243176092.0,827,1166
BD5,7499,663430.0,497773777.0,750,1157
BD8,6928,682938.0,504147268.0,738,1155
S4,3102,260439.0,198633906.0,763,1151
L4,10834,910965.0,702496708.0,771,1148
HU3,8598,759052.0,584212430.0,770,1130
DN1,2574,242804.0,178190015.0,734,1118
NP24,861,73513.0,56549613.0,769,1099
DN31,4394,349626.0,244217793.0,699,1064
CF43,2260,187954.0,132021261.0,702,1001
BD3,8227,795090.0,500577556.0,630,980
TS1,7459,586359.0,334365002.0,570,919
TS2,228,16722.0,7664348.0,458,733
